gid,admin_uid
1,7012
2,4448
3,7823
4,125
5,1011
6,422
7,4905
8,9148
9,9779
10,9168
11,6364
12,4436
13,6627
14,5075
15,1161
16,1586
17,6844
18,6524
19,158
20,2612
21,4106
22,944
23,5417
24,9962
25,1441
26,4922
27,3040
28,9207
29,5945
30,5663
31,3817
32,7337
33,2010
34,8135
35,8356
36,4606
37,8364
38,7960
39,4159
40,6950
41,6174
42,1177
43,1851
44,2095
45,6727
46,5735
47,7466
48,5067
49,5367
50,1853
51,7384
52,6468
53,6844
54,2394
55,7181
56,2267
57,2300
58,6195
59,4519
60,6674
61,1105
62,8488
63,672
64,2848
65,9859
66,4033
67,1223
68,6308
69,1604
70,51
71,6050
72,4553
73,8139
74,2588
75,8805
76,6578
77,2227
78,6589
79,996
80,9976
81,5481
82,9204
83,6643
84,611
85,8655
86,2249
87,7811
88,748
89,1481
90,7466
91,3876
92,1327
93,9205
94,3841
95,9175
96,4864
97,6080
98,9355
99,9680
100,9202
101,1140
102,404
103,5569
104,8451
105,2046
106,6195
107,3065
108,182
109,3606
110,7676
111,9475
112,8309
113,6794
114,2151
115,8625
116,5392
117,1638
118,4699
119,2767
120,891
121,5393
122,1643
123,8941
124,8950
125,2025
126,8880
127,2294
128,6944
129,9995
130,9420
131,7546
132,5543
133,37
134,9768
135,4766
136,4213
137,8366
138,3072
139,4556
140,1712
141,2314
142,601
143,8018
144,1417
145,9804
146,4084
147,7724
148,611
149,1489
150,9050
151,1525
152,1442
153,3617
154,7264
155,6318
156,9369
157,7615
158,1146
159,9856
160,3538
161,4519
162,9690
163,1115
164,4559
165,3811
166,6038
167,2953
168,3778
169,8361
170,77
171,1446
172,5315
173,4167
174,9489
175,6663
176,3042
177,5270
178,5066
179,7667
180,956
181,1354
182,8376
183,4546
184,7393
185,4661
186,827
187,1817
188,9947
189,1002
190,3694
191,5532
192,43
193,5577
194,9132
195,5806
196,8455
197,1435
198,9044
199,8995
200,5343
201,4826
202,4394
203,208
204,2107
205,5510
206,6381
207,7834
208,1349
209,5108
210,5233
211,6641
212,6402
213,8717
214,7030
215,9106
216,6861
217,2645
218,612
219,8916
220,9022
221,6242
222,687
223,6819
224,5864
225,2227
226,3680
227,9022
228,7360
229,5148
230,4065
231,1402
232,4974
233,8101
234,2471
235,4077
236,7939
237,7184
238,8865
239,4035
240,5096
241,1593
242,1760
243,4499
244,4260
245,7130
246,74
247,1492
248,5183
249,7970
250,2902
251,4938
252,9515
253,7041
254,5299
255,3552
256,9521
257,2791
258,4400
259,6985
260,7795
261,8813
262,9980
263,4179
264,5893
265,3563
266,8722
267,4722
268,3505
269,7196
270,7253
271,419
272,5290
273,17
274,5857
275,9623
276,6040
277,4267
278,6828
279,9533
280,4414
281,2052
282,714
283,5054
284,612
285,7870
286,7423
287,284
288,8051
289,4617
290,9207
291,3600
292,6581
293,119
294,222
295,1579
296,8123
297,9927
298,828
299,760
300,1723
301,7069
302,9343
303,4883
304,9486
305,6639
306,8257
307,3799
308,9542
309,3002
310,690
311,6171
312,3332
313,2523
314,9804
315,1882
316,4163
317,818
318,8301
319,8583
320,1939
321,1852
322,3742
323,3630
324,9425
325,5775
326,5040
327,6806
328,2119
329,6717
330,1584
331,8941
332,7070
333,1205
334,5452
335,8122
336,510
337,6807
338,7741
339,504
340,8549
341,7702
342,9378
343,4639
344,8893
345,684
346,4258
347,7335
348,9105
349,5416
350,8886
351,9406
352,3045
353,9177
354,1876
355,4321
356,9166
357,8574
358,1570
359,9888
360,9236
361,7763
362,6120
363,3493
364,1280
365,8464
366,6106
367,5365
368,775
369,994
370,2695
371,4594
372,4085
373,4332
374,1457
375,9317
376,3895
377,1510
378,8324
379,8230
380,97
381,2395
382,1833
383,7881
384,6824
385,7631
386,273
387,5087
388,6161
389,4002
390,3373
391,4563
392,7586
393,5355
394,6592
395,6386
396,5527
397,1871
398,1078
399,1066
400,5170
401,4954
402,8953
403,4655
404,8434
405,7639
406,7073
407,5428
408,6774
409,7348
410,6867
411,1497
412,6138
413,9660
414,4739
415,6184
416,6364
417,9563
418,5880
419,1710
420,7669
421,8609
422,4041
423,3418
424,6583
425,8306
426,1946
427,7657
428,6117
429,3261
430,44
431,8359
432,8532
433,1783
434,5767
435,8006
436,6987
437,6799
438,2184
439,3670
440,5248
441,6438
442,4057
443,8603
444,4222
445,663
446,8484
447,5251
448,2221
449,2538
450,9699
451,5154
452,5795
453,5730
454,3109
455,8794
456,9155
457,7364
458,9076
459,5430
460,1621
461,322
462,5365
463,4094
464,2655
465,8784
466,2947
467,3466
468,6378
469,8231
470,3675
471,7341
472,334
473,2358
474,1818
475,8769
476,5870
477,9625
478,7288
479,6619
480,7547
481,3806
482,8043
483,726
484,9401
485,14
486,3035
487,1665
488,172
489,8558
490,5462
491,5951
492,299
493,9330
494,860
495,6339
496,4260
497,9511
498,8992
499,6906
500,9033
501,7986
502,7868
503,9095
504,6426
505,7628
506,8650
507,7408
508,4796
509,9999
510,4212
511,9900
512,1849
513,1943
514,8866
515,2718
516,2322
517,991
518,7667
519,1452
520,2007
521,6724
522,2262
523,6789
524,4780
525,167
526,9395
527,3266
528,1108
529,5079
530,2876
531,4678
532,2139
533,9785
534,7672
535,6198
536,7180
537,1295
538,2310
539,4859
540,7246
541,8016
542,2209
543,9629
544,3839
545,394
546,1900
547,9552
548,1274
549,7410
550,7671
551,7755
552,5659
553,5307
554,7194
555,1001
556,2117
557,832
558,4823
559,5355
560,2620
561,2886
562,3536
563,929
564,3769
565,8662
566,9036
567,6835
568,5817
569,2537
570,7243
571,9289
572,2178
573,2733
574,7944
575,9384
576,5812
577,6078
578,4464
579,7357
580,6280
581,9590
582,8305
583,343
584,510
585,1522
586,9347
587,5752
588,1404
589,2129
590,394
591,4839
592,2899
593,201
594,7038
595,4795
596,9748
597,7926
598,6939
599,9955
600,7246
601,5720
602,1822
603,4128
604,716
605,1668
606,5446
607,4598
608,7140
609,5387
610,9875
611,7013
612,3674
613,7287
614,5407
615,5242
616,6838
617,4658
618,8899
619,2457
620,2949
621,5848
622,8939
623,5658
624,8467
625,7423
626,5714
627,3587
628,7173
629,4208
630,4258
631,1293
632,6214
633,1454
634,2767
635,9841
636,8465
637,4653
638,6182
639,7541
640,8435
641,7394
642,3743
643,8310
644,8511
645,876
646,7499
647,5004
648,8339
649,7210
650,4630
651,1802
652,9355
653,8322
654,5682
655,7888
656,7977
657,6752
658,2127
659,8593
660,4223
661,8974
662,5737
663,4818
664,3218
665,1823
666,6104
667,9561
668,30
669,9404
670,2085
671,145
672,953
673,4414
674,8020
675,1735
676,8405
677,497
678,3774
679,8270
680,8858
681,6114
682,8095
683,1924
684,7528
685,1465
686,1004
687,9645
688,3790
689,7778
690,2634
691,6602
692,8093
693,6286
694,9574
695,5590
696,7634
697,5653
698,6047
699,6330
700,7982
701,4777
702,4880
703,5448
704,2770
705,7619
706,3199
707,2755
708,4089
709,259
710,7352
711,5313
712,7895
713,7453
714,90
715,1371
716,2168
717,4259
718,9106
719,3441
720,3178
721,6538
722,4668
723,2343
724,1425
725,3690
726,8935
727,9865
728,7232
729,6898
730,6698
731,3029
732,767
733,1996
734,1752
735,5185
736,54
737,4487
738,8378
739,5110
740,2537
741,7458
742,2394
743,1344
744,8252
745,5655
746,1721
747,6387
748,7162
749,8852
750,160
751,7120
752,516
753,5673
754,1289
755,3180
756,3052
757,8169
758,1708
759,8154
760,3639
761,3468
762,3676
763,7086
764,7900
765,4866
766,4815
767,7712
768,427
769,2717
770,8105
771,8567
772,929
773,5664
774,8610
775,1946
776,8796
777,6777
778,1930
779,3091
780,8400
781,2241
782,6666
783,7808
784,1251
785,5799
786,2697
787,143
788,3038
789,4008
790,3487
791,7825
792,4897
793,4725
794,6872
795,6755
796,4025
797,3189
798,6676
799,4517
800,4702
801,5387
802,1783
803,7113
804,8839
805,9539
806,7300
807,4035
808,8080
809,8224
810,346
811,7665
812,274
813,2081
814,9244
815,3098
816,2536
817,3077
818,108
819,7513
820,2821
821,9446
822,3314
823,4706
824,5743
825,3706
826,2005
827,7359
828,103
829,3714
830,6206
831,6959
832,7798
833,2167
834,2029
835,2570
836,8422
837,9498
838,7337
839,5000
840,10000
841,6402
842,4611
843,9225
844,8760
845,168
846,7139
847,9156
848,8802
849,6133
850,833
851,959
852,5742
853,87
854,6688
855,1544
856,9334
857,446
858,682
859,3178
860,5084
861,1079
862,9882
863,3631
864,255
865,3621
866,2989
867,5315
868,1477
869,6520
870,9173
871,1629
872,6042
873,5735
874,6833
875,5493
876,3965
877,1659
878,4584
879,7924
880,5254
881,2793
882,4077
883,8639
884,2655
885,9816
886,9287
887,9829
888,4688
889,8660
890,8545
891,5824
892,676
893,4781
894,2778
895,2488
896,7567
897,8050
898,1795
899,7602
900,2792
901,6486
902,8425
903,878
904,5771
905,1381
906,6742
907,9364
908,6236
909,9278
910,8767
911,8209
912,8666
913,2956
914,8020
915,9525
916,3742
917,2291
918,3464
919,7434
920,6134
921,1177
922,4465
923,5060
924,3836
925,9561
926,4335
927,6521
928,9934
929,5685
930,6756
931,78
932,2260
933,4848
934,8701
935,2597
936,4110
937,2298
938,726
939,9908
940,818
941,5049
942,9765
943,2146
944,176
945,8147
946,9681
947,520
948,8512
949,5434
950,4020
951,3347
952,6675
953,5767
954,11
955,298
956,8882
957,3148
958,7285
959,6795
960,6061
961,2868
962,8503
963,6400
964,6616
965,7116
966,3508
967,5324
968,8514
969,6929
970,2539
971,6889
972,1304
973,2223
974,9004
975,6400
976,9216
977,1716
978,3586
979,920
980,8842
981,4091
982,6793
983,3655
984,5912
985,4712
986,9855
987,4404
988,8183
989,983
990,8086
991,1817
992,7082
993,8695
994,5673
995,4461
996,225
997,6294
998,9257
999,4931
1000,5404
1001,6438
1002,8816
1003,8412
1004,207
1005,1144
1006,3565
1007,1553
1008,6555
1009,9714
1010,3903
1011,1189
1012,6319
1013,5087
1014,8521
1015,8803
1016,4623
1017,6397
1018,8031
1019,5988
1020,1890
1021,5920
1022,358
1023,1652
1024,6198
1025,887
1026,4893
1027,7919
1028,5088
1029,4846
1030,9738
1031,4531
1032,7971
1033,2204
1034,8097
1035,9918
1036,1496
1037,3537
1038,7677
1039,6740
1040,8144
1041,3721
1042,8989
1043,3671
1044,8527
1045,2684
1046,6089
1047,4300
1048,7620
1049,518
1050,9694
1051,5485
1052,3304
1053,7497
1054,7128
1055,1213
1056,6681
1057,7897
1058,3053
1059,5571
1060,2249
1061,3428
1062,7251
1063,7999
1064,8052
1065,8488
1066,2621
1067,9338
1068,6349
1069,5247
1070,9380
1071,2537
1072,9934
1073,4013
1074,560
1075,1126
1076,3561
1077,8734
1078,1676
1079,2157
1080,9745
1081,4171
1082,6301
1083,1404
1084,4805
1085,9642
1086,7839
1087,1960
1088,8371
1089,6378
1090,4163
1091,8634
1092,5052
1093,9002
1094,5905
1095,79
1096,6097
1097,8522
1098,1196
1099,9024
1100,79
1101,1430
1102,6121
1103,6211
1104,6693
1105,8479
1106,6723
1107,9630
1108,9227
1109,742
1110,6714
1111,4021
1112,6560
1113,5550
1114,5729
1115,2909
1116,5952
1117,8944
1118,3502
1119,9931
1120,9618
1121,5655
1122,4361
1123,5795
1124,3310
1125,5592
1126,2392
1127,4775
1128,8504
1129,1606
1130,5988
1131,141
1132,9548
1133,2666
1134,5617
1135,8068
1136,7613
1137,3555
1138,1322
1139,1378
1140,7691
1141,8865
1142,7556
1143,527
1144,2650
1145,4783
1146,9797
1147,1644
1148,4732
1149,2282
1150,7959
1151,1967
1152,1145
1153,363
1154,3763
1155,8208
1156,9394
1157,5612
1158,9792
1159,4345
1160,6214
1161,7988
1162,5392
1163,3969
1164,5879
1165,6003
1166,2282
1167,4638
1168,6609
1169,131
1170,5046
1171,9195
1172,959
1173,2010
1174,3576
1175,9411
1176,894
1177,7539
1178,663
1179,7592
1180,7720
1181,2987
1182,4348
1183,9351
1184,3859
1185,8252
1186,7543
1187,2412
1188,3199
1189,9372
1190,6261
1191,5293
1192,7553
1193,3465
1194,9536
1195,8794
1196,4328
1197,2095
1198,8778
1199,1779
1200,7365
1201,6270
1202,5189
1203,5743
1204,7145
1205,1544
1206,6992
1207,6835
1208,7824
1209,8142
1210,7403
1211,1155
1212,2045
1213,742
1214,1462
1215,9336
1216,2949
1217,2508
1218,9410
1219,2151
1220,9173
1221,2781
1222,6002
1223,1663
1224,1685
1225,6066
1226,9590
1227,2842
1228,5771
1229,9373
1230,6024
1231,7639
1232,2754
1233,4707
1234,8388
1235,3368
1236,5635
1237,7232
1238,6459
1239,3724
1240,8979
1241,7234
1242,3738
1243,6775
1244,880
1245,4301
1246,7858
1247,6825
1248,4429
1249,6745
1250,8695
1251,6787
1252,4213
1253,7280
1254,7833
1255,388
1256,507
1257,4191
1258,8701
1259,8373
1260,4481
1261,1432
1262,4235
1263,1166
1264,3479
1265,7911
1266,6372
1267,8681
1268,2786
1269,2032
1270,8121
1271,6127
1272,1387
1273,7378
1274,7829
1275,3006
1276,1510
1277,8610
1278,4518
1279,2631
1280,4688
1281,5795
1282,5497
1283,6643
1284,6004
1285,8095
1286,6236
1287,8858
1288,4622
1289,7363
1290,6310
1291,8687
1292,623
1293,4773
1294,6761
1295,4924
1296,8334
1297,8703
1298,8504
1299,2685
1300,8736
1301,2853
1302,4448
1303,3707
1304,2792
1305,5007
1306,4677
1307,5673
1308,7233
1309,5102
1310,2935
1311,1204
1312,5090
1313,4468
1314,46
1315,3501
1316,1824
1317,9082
1318,8899
1319,7885
1320,297
1321,7521
1322,9946
1323,6994
1324,9573
1325,102
1326,2441
1327,507
1328,5366
1329,7887
1330,114
1331,7295
1332,2111
1333,3359
1334,396
1335,7455
1336,316
1337,2145
1338,9721
1339,7062
1340,4336
1341,3088
1342,8972
1343,3230
1344,7075
1345,6613
1346,6126
1347,1314
1348,4219
1349,7100
1350,3181
1351,688
1352,3728
1353,3364
1354,6980
1355,8777
1356,4048
1357,6512
1358,3091
1359,217
1360,6959
1361,2329
1362,8492
1363,7662
1364,7746
1365,176
1366,7031
1367,6929
1368,8534
1369,708
1370,2791
1371,2322
1372,4233
1373,4481
1374,3995
1375,4535
1376,1333
1377,6471
1378,2921
1379,7996
1380,4941
1381,4291
1382,9707
1383,572
1384,4859
1385,4725
1386,7664
1387,2184
1388,357
1389,797
1390,9112
1391,4054
1392,3376
1393,6117
1394,6503
1395,6542
1396,8139
1397,1969
1398,7881
1399,5928
1400,8489
1401,9673
1402,5863
1403,1227
1404,6203
1405,5984
1406,3822
1407,616
1408,6319
1409,9747
1410,8648
1411,1620
1412,321
1413,3013
1414,1531
1415,9645
1416,4808
1417,4692
1418,6234
1419,3187
1420,1243
1421,6049
1422,143
1423,1597
1424,9096
1425,8159
1426,1856
1427,8584
1428,7387
1429,4148
1430,7325
1431,2344
1432,7486
1433,7834
1434,1276
1435,7487
1436,6707
1437,8698
1438,1126
1439,8747
1440,39
1441,3288
1442,2355
1443,4410
1444,8151
1445,4139
1446,3902
1447,7458
1448,462
1449,5880
1450,9067
1451,8803
1452,2623
1453,5753
1454,5517
1455,1347
1456,8342
1457,6382
1458,2330
1459,5060
1460,9242
1461,3301
1462,8165
1463,2882
1464,978
1465,6093
1466,1378
1467,6852
1468,8027
1469,2895
1470,4020
1471,4172
1472,709
1473,7776
1474,1977
1475,4594
1476,4454
1477,3356
1478,7956
1479,9343
1480,7315
1481,5947
1482,2824
1483,5186
1484,3386
1485,5152
1486,4547
1487,9982
1488,1730
1489,7897
1490,5872
1491,4819
1492,7757
1493,8909
1494,928
1495,1298
1496,8462
1497,6758
1498,1149
1499,6211
1500,5517
1501,113
1502,7652
1503,9091
1504,7619
1505,8138
1506,1361
1507,8380
1508,766
1509,7754
1510,9865
1511,9457
1512,4314
1513,7370
1514,6183
1515,2205
1516,6187
1517,9038
1518,1973
1519,308
1520,9064
1521,6580
1522,4278
1523,6441
1524,159
1525,6258
1526,6347
1527,2595
1528,1885
1529,7044
1530,2640
1531,3241
1532,8728
1533,4426
1534,25
1535,7675
1536,2948
1537,425
1538,1323
1539,460
1540,9265
1541,2097
1542,3013
1543,9870
1544,292
1545,7769
1546,8286
1547,7909
1548,398
1549,1213
1550,2873
1551,81
1552,6156
1553,2348
1554,4058
1555,3860
1556,2563
1557,9655
1558,5936
1559,2783
1560,2241
1561,7411
1562,2607
1563,5100
1564,2873
1565,599
1566,5476
1567,1854
1568,8452
1569,3692
1570,5449
1571,2040
1572,797
1573,8605
1574,7215
1575,4116
1576,8582
1577,4100
1578,4130
1579,1502
1580,3709
1581,7364
1582,3715
1583,7177
1584,9512
1585,5080
1586,8502
1587,2840
1588,6786
1589,1973
1590,6785
1591,5558
1592,4579
1593,8698
1594,531
1595,6535
1596,960
1597,8367
1598,4424
1599,7216
1600,9848
1601,7660
1602,2992
1603,5350
1604,2368
1605,574
1606,7925
1607,5364
1608,3681
1609,994
1610,9085
1611,2763
1612,4014
1613,2158
1614,6113
1615,2353
1616,6101
1617,9656
1618,9014
1619,6119
1620,4322
1621,10000
1622,7112
1623,3209
1624,9696
1625,6737
1626,1802
1627,2576
1628,8601
1629,2046
1630,2059
1631,4169
1632,2102
1633,8115
1634,2571
1635,4148
1636,2517
1637,4688
1638,6161
1639,6258
1640,3781
1641,726
1642,503
1643,4274
1644,8048
1645,3572
1646,435
1647,60
1648,9389
1649,3075
1650,9250
1651,4541
1652,5908
1653,7382
1654,6556
1655,6127
1656,911
1657,5037
1658,5469
1659,236
1660,3387
1661,4162
1662,8432
1663,5202
1664,7729
1665,9170
1666,6488
1667,645
1668,5715
1669,7328
1670,9473
1671,8800
1672,6366
1673,1758
1674,986
1675,4315
1676,599
1677,1479
1678,9936
1679,3031
1680,1095
1681,9545
1682,3841
1683,8124
1684,9125
1685,1616
1686,1607
1687,1753
1688,2510
1689,932
1690,7291
1691,204
1692,1518
1693,7343
1694,3064
1695,6776
1696,7561
1697,5633
1698,9207
1699,5221
1700,5853
1701,7378
1702,6441
1703,3789
1704,3144
1705,2445
1706,7076
1707,4178
1708,8875
1709,7799
1710,5504
1711,407
1712,6864
1713,2894
1714,1082
1715,3380
1716,9751
1717,6938
1718,9979
1719,2755
1720,5699
1721,433
1722,6468
1723,1583
1724,5572
1725,9454
1726,2046
1727,2473
1728,148
1729,8139
1730,8393
1731,8520
1732,933
1733,5949
1734,7099
1735,4552
1736,9396
1737,7900
1738,6363
1739,6929
1740,8928
1741,5759
1742,5913
1743,1401
1744,4660
1745,7334
1746,2419
1747,2280
1748,2190
1749,9900
1750,933
1751,5344
1752,284
1753,3262
1754,164
1755,7182
1756,9709
1757,5781
1758,8143
1759,7571
1760,1301
1761,1589
1762,6755
1763,4209
1764,1834
1765,6040
1766,1631
1767,4273
1768,6924
1769,4844
1770,5168
1771,5714
1772,3436
1773,9134
1774,8345
1775,7564
1776,2848
1777,3248
1778,7542
1779,4268
1780,1881
1781,7575
1782,4939
1783,3407
1784,2652
1785,6044
1786,1733
1787,6778
1788,6262
1789,9763
1790,5285
1791,9204
1792,8611
1793,6723
1794,9482
1795,7155
1796,2919
1797,5952
1798,2276
1799,8065
1800,5172
1801,3409
1802,7068
1803,8409
1804,7307
1805,4718
1806,9708
1807,4040
1808,2378
1809,4385
1810,6393
1811,1076
1812,1618
1813,698
1814,4275
1815,6332
1816,7800
1817,5422
1818,7150
1819,9352
1820,8544
1821,2694
1822,3699
1823,1521
1824,2052
1825,2153
1826,1983
1827,897
1828,601
1829,4259
1830,9185
1831,598
1832,7050
1833,1648
1834,5282
1835,1168
1836,7496
1837,4156
1838,1886
1839,8492
1840,5387
1841,9665
1842,2430
1843,1356
1844,6769
1845,8624
1846,1989
1847,6265
1848,2473
1849,2125
1850,3220
1851,7743
1852,3881
1853,7310
1854,6260
1855,3204
1856,7572
1857,1140
1858,3827
1859,635
1860,4222
1861,8285
1862,9311
1863,8667
1864,1483
1865,8402
1866,629
1867,9148
1868,3237
1869,5825
1870,3490
1871,9253
1872,2542
1873,9581
1874,828
1875,7329
1876,1399
1877,8542
1878,7495
1879,1140
1880,3829
1881,7999
1882,1491
1883,2494
1884,1183
1885,5595
1886,1132
1887,1916
1888,4257
1889,9455
1890,5086
1891,2309
1892,6747
1893,1436
1894,1271
1895,8723
1896,3146
1897,1300
1898,2315
1899,3108
1900,1491
1901,8625
1902,7774
1903,2615
1904,5419
1905,1658
1906,6101
1907,6223
1908,1219
1909,2637
1910,5469
1911,7939
1912,3767
1913,4078
1914,1590
1915,1105
1916,1057
1917,3767
1918,2697
1919,9824
1920,2640
1921,3222
1922,7705
1923,9809
1924,1924
1925,4695
1926,3295
1927,2028
1928,8032
1929,4330
1930,4382
1931,6078
1932,5524
1933,9944
1934,2654
1935,4340
1936,2051
1937,2045
1938,8184
1939,3624
1940,9170
1941,9539
1942,111
1943,4820
1944,5863
1945,3649
1946,6884
1947,8438
1948,1882
1949,2458
1950,7635
1951,7547
1952,9274
1953,6848
1954,353
1955,91
1956,6476
1957,6069
1958,4684
1959,4628
1960,3073
1961,6393
1962,3961
1963,1294
1964,7205
1965,409
1966,6478
1967,3703
1968,8766
1969,528
1970,4604
1971,2287
1972,7821
1973,3910
1974,4466
1975,4125
1976,9898
1977,9629
1978,7387
1979,5977
1980,6500
1981,3948
1982,8739
1983,8867
1984,6015
1985,9486
1986,6911
1987,1647
1988,8943
1989,220
1990,8597
1991,5784
1992,633
1993,8087
1994,296
1995,4069
1996,3249
1997,4772
1998,2116
1999,1083
2000,2934
2001,1261
2002,7503
2003,5147
2004,5933
2005,1934
2006,8070
2007,9992
2008,4111
2009,8715
2010,6441
2011,2195
2012,8003
2013,562
2014,5171
2015,7395
2016,1240
2017,5270
2018,252
2019,5
2020,8738
2021,6785
2022,4712
2023,7279
2024,1587
2025,4551
2026,122
2027,9085
2028,8958
2029,7897
2030,7454
2031,9126
2032,4191
2033,73
2034,8734
2035,3763
2036,3829
2037,4800
2038,8458
2039,443
2040,6110
2041,7338
2042,3397
2043,2203
2044,7675
2045,4117
2046,3983
2047,8259
2048,5208
2049,1225
2050,8906
2051,3913
2052,2955
2053,9177
2054,4821
2055,3153
2056,5181
2057,4648
2058,4398
2059,6223
2060,8008
2061,1615
2062,5328
2063,6551
2064,7931
2065,1855
2066,9507
2067,8490
2068,2864
2069,5586
2070,5595
2071,936
2072,889
2073,391
2074,8681
2075,3535
2076,2347
2077,4676
2078,6890
2079,358
2080,1316
2081,6583
2082,3275
2083,574
2084,8235
2085,9669
2086,310
2087,8458
2088,3949
2089,7587
2090,8827
2091,225
2092,3765
2093,864
2094,6778
2095,5790
2096,1276
2097,4841
2098,4310
2099,4770
2100,2965
2101,4770
2102,5708
2103,2632
2104,4503
2105,2596
2106,4384
2107,4667
2108,9076
2109,9134
2110,2335
2111,4402
2112,9612
2113,5281
2114,2601
2115,4780
2116,3328
2117,6222
2118,3379
2119,8382
2120,658
2121,4538
2122,5747
2123,1370
2124,5370
2125,7810
2126,3661
2127,7615
2128,6957
2129,2110
2130,7281
2131,6574
2132,6070
2133,9946
2134,7023
2135,2128
2136,6829
2137,9244
2138,297
2139,4301
2140,2581
2141,7825
2142,6018
2143,5834
2144,7263
2145,4387
2146,4221
2147,9275
2148,2328
2149,8378
2150,502
2151,7419
2152,9941
2153,6309
2154,8286
2155,8617
2156,2263
2157,5591
2158,5176
2159,9421
2160,2341
2161,4315
2162,5501
2163,2062
2164,191
2165,4124
2166,2550
2167,4842
2168,3215
2169,1591
2170,230
2171,6034
2172,6090
2173,387
2174,6540
2175,2872
2176,3072
2177,3785
2178,5607
2179,8314
2180,9303
2181,3101
2182,1805
2183,3153
2184,9418
2185,9358
2186,5729
2187,6985
2188,557
2189,7338
2190,9774
2191,2425
2192,2336
2193,2604
2194,350
2195,4808
2196,2396
2197,667
2198,7760
2199,4574
2200,2506
2201,137
2202,1460
2203,352
2204,9240
2205,2660
2206,4726
2207,2867
2208,9870
2209,6862
2210,8222
2211,4944
2212,994
2213,3496
2214,4054
2215,3154
2216,9542
2217,4096
2218,3639
2219,9583
2220,6884
2221,169
2222,6132
2223,8775
2224,2831
2225,6890
2226,6877
2227,8675
2228,1318
2229,5164
2230,1787
2231,2264
2232,3105
2233,6814
2234,4057
2235,3368
2236,2356
2237,1073
2238,5986
2239,8890
2240,9271
2241,4374
2242,2416
2243,2505
2244,9211
2245,9592
2246,3810
2247,9142
2248,4281
2249,6938
2250,1337
2251,803
2252,7555
2253,1280
2254,2764
2255,6762
2256,1468
2257,6876
2258,8805
2259,8039
2260,5842
2261,8739
2262,5052
2263,9722
2264,6552
2265,7153
2266,6089
2267,2089
2268,1613
2269,4269
2270,9272
2271,1807
2272,205
2273,1180
2274,49
2275,6811
2276,1331
2277,2553
2278,8433
2279,3614
2280,1621
2281,7684
2282,2687
2283,4439
2284,9545
2285,8162
2286,1228
2287,109
2288,8721
2289,4760
2290,8820
2291,405
2292,1569
2293,1836
2294,7635
2295,9791
2296,3288
2297,4337
2298,9986
2299,8367
2300,895
2301,7006
2302,9073
2303,626
2304,1266
2305,8072
2306,8127
2307,9843
2308,7642
2309,8500
2310,3442
2311,8747
2312,6207
2313,6748
2314,3693
2315,2543
2316,2382
2317,2766
2318,5435
2319,4011
2320,7305
2321,1908
2322,6636
2323,7221
2324,4816
2325,4339
2326,3490
2327,1503
2328,6337
2329,2098
2330,1153
2331,3590
2332,8716
2333,2320
2334,1282
2335,320
2336,7461
2337,1829
2338,9435
2339,177
2340,9245
2341,8680
2342,576
2343,4106
2344,9844
2345,3852
2346,8594
2347,7604
2348,9263
2349,3451
2350,8898
2351,5570
2352,4739
2353,3339
2354,2562
2355,1457
2356,3062
2357,9085
2358,8301
2359,310
2360,4478
2361,9886
2362,3424
2363,8481
2364,235
2365,9262
2366,7993
2367,7131
2368,1320
2369,5569
2370,2015
2371,7807
2372,7398
2373,1326
2374,4644
2375,8506
2376,5895
2377,7029
2378,8765
2379,5538
2380,2
2381,9349
2382,1170
2383,8019
2384,594
2385,4710
2386,7764
2387,7400
2388,6910
2389,451
2390,8512
2391,1379
2392,5738
2393,1928
2394,4064
2395,9555
2396,8107
2397,290
2398,631
2399,3752
2400,7386
2401,9075
2402,1720
2403,5114
2404,3704
2405,1649
2406,4518
2407,334
2408,2948
2409,3137
2410,9390
2411,3684
2412,4044
2413,7922
2414,6171
2415,784
2416,8930
2417,2287
2418,7816
2419,2302
2420,2932
2421,9885
2422,9901
2423,3847
2424,5711
2425,7651
2426,6863
2427,6070
2428,6924
2429,7987
2430,2759
2431,3609
2432,5622
2433,864
2434,1667
2435,3751
2436,9893
2437,6904
2438,9200
2439,1835
2440,9957
2441,8338
2442,9521
2443,5600
2444,8345
2445,5976
2446,3931
2447,6387
2448,1871
2449,6709
2450,5328
2451,7011
2452,2016
2453,5803
2454,2540
2455,9201
2456,3346
2457,7239
2458,8499
2459,5809
2460,6470
2461,4504
2462,8531
2463,4883
2464,4185
2465,108
2466,993
2467,9158
2468,6198
2469,8918
2470,3834
2471,2559
2472,8494
2473,4957
2474,5798
2475,1300
2476,7852
2477,9642
2478,1599
2479,5237
2480,7072
2481,9676
2482,8752
2483,9967
2484,9023
2485,2203
2486,9179
2487,2728
2488,3386
2489,4383
2490,9889
2491,6281
2492,2463
2493,9487
2494,5591
2495,6116
2496,4255
2497,8373
2498,697
2499,9028
2500,1086
2501,1672
2502,797
2503,4300
2504,7417
2505,4918
2506,4198
2507,7642
2508,2368
2509,3493
2510,7485
2511,366
2512,419
2513,2655
2514,3704
2515,6824
2516,1973
2517,9575
2518,4743
2519,3786
2520,7841
2521,1373
2522,5498
2523,1359
2524,4457
2525,1372
2526,4633
2527,398
2528,6453
2529,7220
2530,2780
2531,9569
2532,214
2533,4776
2534,6794
2535,5974
2536,5891
2537,4454
2538,7309
2539,1920
2540,4844
2541,4148
2542,1488
2543,3276
2544,4193
2545,6763
2546,4196
2547,8252
2548,2067
2549,9990
2550,7223
2551,8788
2552,4072
2553,8232
2554,5449
2555,5017
2556,403
2557,5135
2558,4407
2559,6830
2560,4525
2561,8611
2562,7140
2563,7640
2564,3737
2565,9088
2566,4736
2567,8103
2568,4865
2569,8594
2570,7018
2571,2435
2572,5200
2573,1007
2574,2563
2575,2294
2576,140
2577,7618
2578,8123
2579,6882
2580,7452
2581,2631
2582,941
2583,9267
2584,9007
2585,670
2586,730
2587,9921
2588,4942
2589,8030
2590,8712
2591,6923
2592,5337
2593,291
2594,6181
2595,8219
2596,8873
2597,970
2598,1610
2599,1686
2600,1669
2601,8872
2602,3142
2603,5721
2604,7233
2605,7827
2606,3366
2607,5335
2608,7685
2609,2541
2610,3699
2611,4967
2612,1958
2613,4491
2614,5169
2615,3541
2616,6043
2617,6886
2618,7129
2619,9401
2620,7784
2621,6682
2622,3466
2623,7090
2624,3132
2625,6024
2626,6112
2627,6062
2628,6679
2629,1947
2630,1455
2631,3384
2632,1398
2633,3024
2634,6930
2635,5443
2636,2884
2637,9472
2638,9886
2639,5483
2640,6544
2641,714
2642,150
2643,940
2644,3047
2645,3218
2646,1155
2647,7351
2648,4588
2649,2653
2650,4459
2651,4774
2652,5593
2653,2973
2654,9766
2655,5301
2656,3858
2657,584
2658,1176
2659,6157
2660,661
2661,3807
2662,3991
2663,3948
2664,6534
2665,3396
2666,7637
2667,9874
2668,4113
2669,9591
2670,2462
2671,7765
2672,5357
2673,9432
2674,3276
2675,6004
2676,6402
2677,3761
2678,3606
2679,6752
2680,938
2681,5770
2682,2423
2683,9572
2684,5312
2685,1882
2686,8244
2687,4263
2688,6052
2689,9275
2690,6951
2691,3756
2692,6453
2693,2662
2694,4352
2695,586
2696,5653
2697,2076
2698,32
2699,9796
2700,4725
2701,6774
2702,1560
2703,7023
2704,3991
2705,7755
2706,3304
2707,7266
2708,7909
2709,9290
2710,9561
2711,6569
2712,9135
2713,806
2714,4810
2715,8058
2716,5977
2717,2357
2718,7151
2719,5364
2720,2990
2721,3251
2722,2761
2723,8197
2724,9099
2725,8704
2726,762
2727,5493
2728,8156
2729,2163
2730,6883
2731,7628
2732,569
2733,7261
2734,3194
2735,5651
2736,9058
2737,775
2738,3654
2739,8930
2740,7986
2741,9781
2742,9724
2743,7925
2744,254
2745,7058
2746,1163
2747,789
2748,9881
2749,8033
2750,7044
2751,4049
2752,5392
2753,5774
2754,719
2755,9572
2756,2925
2757,4735
2758,6694
2759,8949
2760,4195
2761,6462
2762,3027
2763,698
2764,3149
2765,1010
2766,9152
2767,5384
2768,9976
2769,1280
2770,8407
2771,7257
2772,7482
2773,1588
2774,5344
2775,2201
2776,8976
2777,4626
2778,7652
2779,6616
2780,2911
2781,8394
2782,7689
2783,8694
2784,9384
2785,3372
2786,1819
2787,2582
2788,9923
2789,2364
2790,1935
2791,608
2792,130
2793,6973
2794,2197
2795,2023
2796,5488
2797,7790
2798,2877
2799,8007
2800,5477
2801,9065
2802,1860
2803,578
2804,1463
2805,9029
2806,8208
2807,2895
2808,6601
2809,79
2810,7489
2811,3297
2812,4163
2813,1924
2814,7385
2815,9250
2816,188
2817,3750
2818,3073
2819,8255
2820,7088
2821,318
2822,8792
2823,4305
2824,8796
2825,3349
2826,6235
2827,1860
2828,3240
2829,8595
2830,2918
2831,4279
2832,7519
2833,5082
2834,8597
2835,3702
2836,5700
2837,2160
2838,8207
2839,9766
2840,3653
2841,8179
2842,3662
2843,8229
2844,78
2845,2548
2846,2162
2847,4046
2848,733
2849,1225
2850,3486
2851,4820
2852,3169
2853,2241
2854,4192
2855,9275
2856,8519
2857,5670
2858,9130
2859,9858
2860,5612
2861,41
2862,7006
2863,7060
2864,8594
2865,9098
2866,7533
2867,2718
2868,2740
2869,8808
2870,8290
2871,7562
2872,8396
2873,9751
2874,7691
2875,4913
2876,8735
2877,7821
2878,5390
2879,9907
2880,6109
2881,5806
2882,3999
2883,4162
2884,2956
2885,1232
2886,4897
2887,3623
2888,1186
2889,3896
2890,6567
2891,3736
2892,5289
2893,2408
2894,8149
2895,9966
2896,5120
2897,9073
2898,9613
2899,9132
2900,5507
2901,6032
2902,997
2903,8837
2904,8037
2905,6474
2906,370
2907,5665
2908,8228
2909,8547
2910,8983
2911,2584
2912,5153
2913,8924
2914,7304
2915,1342
2916,8755
2917,9458
2918,4864
2919,3964
2920,173
2921,8950
2922,3060
2923,3834
2924,3591
2925,465
2926,391
2927,5193
2928,9467
2929,8538
2930,4214
2931,3056
2932,9799
2933,3435
2934,5158
2935,5303
2936,8831
2937,7891
2938,3057
2939,1947
2940,593
2941,2772
2942,2443
2943,6000
2944,8228
2945,8978
2946,8329
2947,6655
2948,1909
2949,8374
2950,2991
2951,7201
2952,9863
2953,293
2954,9421
2955,2539
2956,4576
2957,536
2958,7650
2959,3872
2960,1690
2961,4915
2962,5222
2963,2469
2964,6441
2965,812
2966,2701
2967,2291
2968,5689
2969,9860
2970,7218
2971,7003
2972,3288
2973,9554
2974,920
2975,8704
2976,1520
2977,2524
2978,7297
2979,8577
2980,768
2981,663
2982,7743
2983,5993
2984,4403
2985,7071
2986,1917
2987,5567
2988,2355
2989,1660
2990,5460
2991,4682
2992,5061
2993,8856
2994,1019
2995,3681
2996,6015
2997,3599
2998,7611
2999,6757
3000,7987
3001,6337
3002,2448
3003,1036
3004,663
3005,9404
3006,3597
3007,4593
3008,8717
3009,438
3010,9684
3011,7825
3012,8434
3013,8185
3014,5229
3015,6345
3016,5416
3017,4480
3018,740
3019,5030
3020,2401
3021,7027
3022,5369
3023,3692
3024,1675
3025,4990
3026,9949
3027,5657
3028,9636
3029,4320
3030,7529
3031,2351
3032,831
3033,5881
3034,2941
3035,5161
3036,6352
3037,7825
3038,8852
3039,7323
3040,4775
3041,2258
3042,6486
3043,4903
3044,1148
3045,2976
3046,107
3047,1809
3048,9705
3049,7100
3050,6786
3051,1336
3052,4895
3053,9530
3054,8654
3055,3398
3056,5921
3057,1086
3058,8459
3059,4149
3060,9870
3061,4759
3062,8529
3063,5016
3064,1508
3065,4744
3066,2185
3067,1197
3068,1899
3069,3888
3070,6376
3071,6028
3072,7719
3073,317
3074,2769
3075,1326
3076,4102
3077,3338
3078,2775
3079,8255
3080,3688
3081,218
3082,291
3083,7497
3084,5003
3085,1766
3086,7176
3087,8224
3088,252
3089,2322
3090,2938
3091,2660
3092,1025
3093,2705
3094,1732
3095,3636
3096,5831
3097,3367
3098,2395
3099,5725
3100,9077
3101,4115
3102,3813
3103,9783
3104,968
3105,4303
3106,6315
3107,2530
3108,7627
3109,3515
3110,2817
3111,3271
3112,913
3113,6866
3114,4081
3115,4705
3116,1477
3117,7002
3118,9929
3119,525
3120,3310
3121,1707
3122,3780
3123,647
3124,1447
3125,8911
3126,214
3127,3167
3128,4779
3129,6009
3130,6514
3131,4750
3132,6121
3133,6994
3134,6373
3135,5649
3136,1775
3137,9396
3138,4184
3139,5967
3140,5347
3141,8362
3142,1791
3143,83
3144,4331
3145,8500
3146,2973
3147,1506
3148,1336
3149,2961
3150,5691
3151,1773
3152,8175
3153,563
3154,3074
3155,341
3156,996
3157,362
3158,2423
3159,5562
3160,7888
3161,9662
3162,5946
3163,7891
3164,3266
3165,4888
3166,3314
3167,6230
3168,5654
3169,3562
3170,7945
3171,9198
3172,5444
3173,1231
3174,7741
3175,3875
3176,879
3177,3756
3178,4611
3179,3483
3180,136
3181,5283
3182,1005
3183,1663
3184,2936
3185,3895
3186,6411
3187,4476
3188,3198
3189,7957
3190,9119
3191,3939
3192,5667
3193,4850
3194,9623
3195,7206
3196,999
3197,248
3198,4437
3199,7770
3200,8860
3201,9517
3202,4569
3203,5027
3204,6310
3205,3136
3206,4233
3207,573
3208,7429
3209,8027
3210,3905
3211,1168
3212,3469
3213,208
3214,1374
3215,885
3216,9597
3217,7662
3218,6820
3219,1645
3220,8614
3221,1614
3222,9899
3223,9621
3224,9466
3225,3855
3226,9613
3227,8220
3228,202
3229,7015
3230,1463
3231,3285
3232,1778
3233,2875
3234,3365
3235,6750
3236,5431
3237,2365
3238,9663
3239,1815
3240,1873
3241,9830
3242,9766
3243,7962
3244,4827
3245,5575
3246,878
3247,1752
3248,8107
3249,1683
3250,5008
3251,7204
3252,2367
3253,3273
3254,5947
3255,1049
3256,4947
3257,7324
3258,335
3259,187
3260,2988
3261,6023
3262,6103
3263,2350
3264,9629
3265,7514
3266,33
3267,3931
3268,8721
3269,6167
3270,3368
3271,503
3272,521
3273,8126
3274,4691
3275,8876
3276,1541
3277,4254
3278,7119
3279,7064
3280,1617
3281,6226
3282,695
3283,3845
3284,4548
3285,6599
3286,2254
3287,4442
3288,5867
3289,1301
3290,1135
3291,1905
3292,1325
3293,7681
3294,8988
3295,1142
3296,3049
3297,6746
3298,241
3299,9210
3300,3444
3301,3896
3302,3451
3303,7917
3304,2066
3305,7499
3306,5004
3307,236
3308,2318
3309,5366
3310,3041
3311,3924
3312,2685
3313,5619
3314,2222
3315,3792
3316,9778
3317,1629
3318,9280
3319,9668
3320,5886
3321,9707
3322,7895
3323,1926
3324,642
3325,1852
3326,2326
3327,2370
3328,2404
3329,7155
3330,2776
3331,9953
3332,6703
3333,302
3334,732
3335,9940
3336,5241
3337,5962
3338,4703
3339,7890
3340,9441
3341,5787
3342,9619
3343,8522
3344,3974
3345,5849
3346,2034
3347,7300
3348,3676
3349,3300
3350,9748
3351,3857
3352,4982
3353,671
3354,9129
3355,5038
3356,7986
3357,668
3358,3452
3359,6493
3360,3797
3361,4035
3362,2571
3363,655
3364,1378
3365,2553
3366,6218
3367,573
3368,5189
3369,6738
3370,1254
3371,4227
3372,9518
3373,7511
3374,7153
3375,8733
3376,7134
3377,1848
3378,4126
3379,9861
3380,1546
3381,1817
3382,872
3383,334
3384,1822
3385,4568
3386,1765
3387,9167
3388,2426
3389,7298
3390,3389
3391,8767
3392,3602
3393,7520
3394,3389
3395,6054
3396,9778
3397,7004
3398,9456
3399,819
3400,841
3401,7224
3402,23
3403,2884
3404,8173
3405,5971
3406,7890
3407,7131
3408,1723
3409,6780
3410,8172
3411,9013
3412,5670
3413,2572
3414,6616
3415,4675
3416,6137
3417,7722
3418,4245
3419,6560
3420,6853
3421,3257
3422,5539
3423,3533
3424,1655
3425,7920
3426,9418
3427,4255
3428,3980
3429,3410
3430,889
3431,1091
3432,7004
3433,8443
3434,8964
3435,9253
3436,3052
3437,828
3438,5246
3439,6592
3440,3165
3441,3200
3442,8985
3443,6527
3444,117
3445,4588
3446,8619
3447,1644
3448,3295
3449,7113
3450,109
3451,7474
3452,2474
3453,1984
3454,9307
3455,3626
3456,440
3457,210
3458,4554
3459,3635
3460,5484
3461,5885
3462,7858
3463,2982
3464,1698
3465,5721
3466,6282
3467,2654
3468,7407
3469,3425
3470,8669
3471,9673
3472,102
3473,6910
3474,1880
3475,295
3476,1705
3477,4411
3478,6722
3479,8201
3480,5447
3481,2327
3482,4918
3483,6011
3484,3621
3485,1115
3486,3900
3487,6127
3488,9503
3489,4516
3490,788
3491,5935
3492,1169
3493,5666
3494,6080
3495,7373
3496,9643
3497,823
3498,5784
3499,7107
3500,164
3501,617
3502,7221
3503,7507
3504,5656
3505,1595
3506,7545
3507,3233
3508,7623
3509,5882
3510,5445
3511,8266
3512,4111
3513,1917
3514,9542
3515,3731
3516,9261
3517,9763
3518,3880
3519,843
3520,5676
3521,5226
3522,4216
3523,1423
3524,278
3525,1335
3526,6794
3527,7784
3528,8865
3529,391
3530,6425
3531,2422
3532,2784
3533,8683
3534,4599
3535,5560
3536,1406
3537,9286
3538,4093
3539,9264
3540,420
3541,5583
3542,7123
3543,1645
3544,6491
3545,4943
3546,4195
3547,7896
3548,7462
3549,4655
3550,7714
3551,7353
3552,4753
3553,8654
3554,4695
3555,1701
3556,667
3557,4596
3558,4621
3559,4085
3560,1230
3561,5259
3562,9836
3563,8634
3564,6785
3565,8270
3566,2010
3567,8665
3568,9954
3569,2095
3570,596
3571,1111
3572,3647
3573,7685
3574,2224
3575,4656
3576,3967
3577,2266
3578,3006
3579,3098
3580,2451
3581,1021
3582,7938
3583,3059
3584,3693
3585,8719
3586,9775
3587,3194
3588,6842
3589,5087
3590,8574
3591,6694
3592,318
3593,1891
3594,5909
3595,4758
3596,9128
3597,9544
3598,669
3599,4486
3600,4582
3601,8626
3602,8928
3603,1172
3604,7848
3605,1870
3606,6959
3607,7972
3608,4332
3609,9293
3610,7839
3611,7888
3612,9497
3613,5768
3614,3702
3615,8959
3616,6788
3617,1496
3618,448
3619,654
3620,1912
3621,3115
3622,2913
3623,3671
3624,8288
3625,6265
3626,7304
3627,5558
3628,4493
3629,5662
3630,5564
3631,9534
3632,6300
3633,3600
3634,7702
3635,6874
3636,2811
3637,9451
3638,4993
3639,6754
3640,8223
3641,6849
3642,2620
3643,42
3644,541
3645,3444
3646,2414
3647,4324
3648,3603
3649,9100
3650,4090
3651,7038
3652,5595
3653,1312
3654,4917
3655,2670
3656,1297
3657,1490
3658,4120
3659,1458
3660,1269
3661,7451
3662,6485
3663,7416
3664,1858
3665,8859
3666,3357
3667,1911
3668,4437
3669,3436
3670,3584
3671,3071
3672,9191
3673,1627
3674,675
3675,5140
3676,9952
3677,2410
3678,4225
3679,7604
3680,8213
3681,1208
3682,7052
3683,4311
3684,3363
3685,2796
3686,1633
3687,7110
3688,3888
3689,5588
3690,7603
3691,5806
3692,618
3693,6951
3694,4054
3695,4962
3696,5957
3697,1900
3698,9252
3699,1310
3700,7707
3701,1700
3702,778
3703,4568
3704,9886
3705,2051
3706,640
3707,7622
3708,1543
3709,6043
3710,2564
3711,5438
3712,7486
3713,8705
3714,2260
3715,9680
3716,7161
3717,5639
3718,4598
3719,8303
3720,3225
3721,177
3722,9602
3723,9356
3724,2797
3725,6428
3726,7990
3727,3064
3728,3828
3729,3038
3730,7330
3731,7243
3732,3378
3733,5596
3734,9365
3735,1093
3736,8301
3737,4991
3738,8229
3739,4583
3740,124
3741,4994
3742,5903
3743,418
3744,3105
3745,1849
3746,5177
3747,304
3748,6230
3749,7945
3750,2548
3751,9280
3752,6680
3753,6034
3754,4451
3755,133
3756,2295
3757,5923
3758,600
3759,3479
3760,1288
3761,5378
3762,3376
3763,3645
3764,8697
3765,4145
3766,8640
3767,4885
3768,7925
3769,1335
3770,8314
3771,275
3772,2257
3773,3438
3774,6632
3775,6971
3776,5425
3777,9339
3778,7271
3779,6191
3780,2598
3781,6019
3782,8173
3783,2929
3784,361
3785,2072
3786,4707
3787,1483
3788,4258
3789,1393
3790,8270
3791,5086
3792,7621
3793,6697
3794,2487
3795,3784
3796,6565
3797,2095
3798,8221
3799,8120
3800,4584
3801,7184
3802,8419
3803,7753
3804,8988
3805,817
3806,5487
3807,8464
3808,6008
3809,9704
3810,1204
3811,705
3812,9258
3813,5271
3814,9597
3815,3856
3816,6349
3817,7295
3818,9980
3819,1301
3820,5979
3821,3778
3822,3254
3823,9914
3824,975
3825,1273
3826,9666
3827,1342
3828,3234
3829,9251
3830,1158
3831,2285
3832,8293
3833,8797
3834,676
3835,8940
3836,3937
3837,1276
3838,9153
3839,6959
3840,9964
3841,777
3842,9014
3843,5586
3844,5881
3845,7652
3846,604
3847,5909
3848,9509
3849,5018
3850,1195
3851,667
3852,5509
3853,1475
3854,8100
3855,6523
3856,6334
3857,3749
3858,5523
3859,1305
3860,2815
3861,4093
3862,2709
3863,496
3864,979
3865,3773
3866,8786
3867,7080
3868,8625
3869,8519
3870,9323
3871,5467
3872,8357
3873,4001
3874,8483
3875,176
3876,4337
3877,1045
3878,8008
3879,9828
3880,1846
3881,8414
3882,3295
3883,1588
3884,5791
3885,6399
3886,8547
3887,3712
3888,1376
3889,2880
3890,5576
3891,9155
3892,2856
3893,4958
3894,6029
3895,3519
3896,4918
3897,4642
3898,556
3899,5498
3900,7122
3901,2103
3902,7655
3903,1988
3904,100
3905,9869
3906,1817
3907,3280
3908,3353
3909,8968
3910,6501
3911,2759
3912,58
3913,160
3914,3047
3915,3017
3916,6480
3917,3722
3918,7976
3919,5851
3920,8648
3921,9781
3922,1228
3923,5122
3924,4477
3925,5537
3926,7650
3927,9753
3928,6259
3929,9368
3930,4913
3931,1021
3932,6528
3933,8631
3934,7227
3935,7472
3936,4864
3937,7785
3938,7998
3939,8472
3940,6611
3941,9722
3942,3061
3943,1452
3944,7074
3945,9685
3946,5247
3947,5546
3948,219
3949,566
3950,7439
3951,9218
3952,4718
3953,3306
3954,1928
3955,6605
3956,3511
3957,715
3958,9649
3959,319
3960,7848
3961,8438
3962,1125
3963,720
3964,2020
3965,6763
3966,3581
3967,5859
3968,6828
3969,5631
3970,1662
3971,687
3972,1714
3973,413
3974,2273
3975,6544
3976,8380
3977,865
3978,1052
3979,7538
3980,8685
3981,2686
3982,8923
3983,5288
3984,1209
3985,9615
3986,6648
3987,6586
3988,2006
3989,3472
3990,9624
3991,7809
3992,6708
3993,2589
3994,6748
3995,4261
3996,6317
3997,9294
3998,7602
3999,8171
4000,7949
4001,6636
4002,2723
4003,1730
4004,4234
4005,652
4006,8177
4007,9316
4008,827
4009,9714
4010,800
4011,3002
4012,6420
4013,8194
4014,4530
4015,715
4016,4781
4017,9832
4018,2142
4019,2079
4020,794
4021,8628
4022,2886
4023,2681
4024,797
4025,7002
4026,2702
4027,9056
4028,1639
4029,5418
4030,9738
4031,2732
4032,4304
4033,4866
4034,4458
4035,2209
4036,767
4037,6856
4038,3283
4039,325
4040,6066
4041,4114
4042,147
4043,2073
4044,2770
4045,844
4046,9598
4047,6811
4048,3656
4049,1189
4050,4440
4051,5525
4052,1275
4053,6501
4054,97
4055,519
4056,8953
4057,4033
4058,6470
4059,2067
4060,5171
4061,8864
4062,7016
4063,5576
4064,8807
4065,4367
4066,7317
4067,4356
4068,1281
4069,6677
4070,6428
4071,7124
4072,8676
4073,2996
4074,4581
4075,7338
4076,53
4077,376
4078,5247
4079,98
4080,8098
4081,6967
4082,3662
4083,9444
4084,8049
4085,2598
4086,4275
4087,194
4088,3498
4089,6352
4090,8216
4091,5589
4092,6521
4093,9105
4094,4690
4095,310
4096,7682
4097,4408
4098,8963
4099,8943
4100,9028
4101,5904
4102,7662
4103,2341
4104,5541
4105,7724
4106,3562
4107,9118
4108,4865
4109,1607
4110,18
4111,8420
4112,7243
4113,3988
4114,258
4115,1105
4116,5039
4117,2508
4118,4134
4119,3842
4120,3780
4121,3652
4122,9572
4123,2935
4124,2464
4125,7295
4126,2921
4127,6567
4128,9634
4129,8832
4130,2060
4131,7885
4132,9209
4133,144
4134,6771
4135,6531
4136,6698
4137,7689
4138,6470
4139,3912
4140,7939
4141,3914
4142,7940
4143,4455
4144,2295
4145,3100
4146,2847
4147,1196
4148,5430
4149,9145
4150,2631
4151,8418
4152,5144
4153,1155
4154,5250
4155,6988
4156,3541
4157,5044
4158,1716
4159,3842
4160,2314
4161,9370
4162,7557
4163,6917
4164,1695
4165,600
4166,9087
4167,2698
4168,6004
4169,874
4170,2376
4171,2115
4172,9523
4173,5789
4174,5128
4175,1976
4176,4805
4177,6287
4178,4727
4179,1551
4180,7365
4181,3075
4182,8649
4183,4395
4184,3539
4185,3622
4186,2420
4187,8381
4188,9082
4189,6067
4190,1081
4191,8267
4192,1806
4193,4645
4194,2779
4195,6929
4196,8335
4197,7762
4198,3552
4199,6306
4200,1911
4201,9957
4202,5231
4203,8950
4204,2812
4205,1940
4206,7097
4207,2957
4208,3370
4209,3645
4210,9564
4211,4619
4212,3304
4213,94
4214,8861
4215,6418
4216,5546
4217,401
4218,4645
4219,7134
4220,4737
4221,8147
4222,8517
4223,9814
4224,9943
4225,7015
4226,890
4227,6405
4228,304
4229,8272
4230,3517
4231,9302
4232,1659
4233,6855
4234,6081
4235,8391
4236,8044
4237,6756
4238,3087
4239,1004
4240,3988
4241,2841
4242,6113
4243,9207
4244,4149
4245,3990
4246,611
4247,3104
4248,4106
4249,1386
4250,7966
4251,4619
4252,5594
4253,6938
4254,5772
4255,16
4256,4165
4257,2253
4258,6972
4259,4803
4260,6464
4261,2148
4262,3838
4263,7447
4264,5282
4265,7622
4266,3297
4267,1474
4268,2274
4269,6918
4270,8661
4271,6286
4272,8168
4273,871
4274,8947
4275,618
4276,8522
4277,2781
4278,9412
4279,6706
4280,3491
4281,7871
4282,7690
4283,2779
4284,6277
4285,5298
4286,2884
4287,9240
4288,6722
4289,6229
4290,224
4291,5666
4292,1265
4293,3024
4294,8365
4295,4109
4296,1029
4297,6081
4298,4709
4299,3808
4300,6571
4301,2979
4302,2657
4303,2650
4304,6300
4305,4242
4306,848
4307,2090
4308,8002
4309,9711
4310,2678
4311,4311
4312,9552
4313,8100
4314,84
4315,935
4316,8115
4317,9155
4318,9282
4319,6365
4320,7569
4321,6895
4322,598
4323,9171
4324,2795
4325,3071
4326,8813
4327,5868
4328,4544
4329,7254
4330,7861
4331,1697
4332,1071
4333,1680
4334,2198
4335,243
4336,8832
4337,2441
4338,76
4339,907
4340,5220
4341,473
4342,5301
4343,1860
4344,3926
4345,7483
4346,4845
4347,3906
4348,6798
4349,2840
4350,4439
4351,6818
4352,9681
4353,6525
4354,2302
4355,7261
4356,8091
4357,2857
4358,4026
4359,930
4360,3527
4361,5204
4362,7654
4363,1538
4364,6002
4365,3329
4366,9654
4367,3947
4368,4404
4369,7937
4370,2293
4371,2847
4372,6391
4373,5904
4374,6350
4375,8934
4376,1826
4377,5994
4378,8046
4379,5876
4380,7120
4381,8488
4382,522
4383,1825
4384,7939
4385,5015
4386,2457
4387,432
4388,2351
4389,9181
4390,6206
4391,8451
4392,494
4393,412
4394,9096
4395,3988
4396,6856
4397,3956
4398,6335
4399,5522
4400,421
4401,1542
4402,9872
4403,9190
4404,4302
4405,612
4406,632
4407,3881
4408,6286
4409,1865
4410,5638
4411,1468
4412,3032
4413,7070
4414,8099
4415,6491
4416,4192
4417,4780
4418,1921
4419,3540
4420,2971
4421,2111
4422,3769
4423,5488
4424,8749
4425,2920
4426,2127
4427,8630
4428,6156
4429,6569
4430,3093
4431,3878
4432,2302
4433,1592
4434,4721
4435,8413
4436,7454
4437,4776
4438,9318
4439,5555
4440,5772
4441,9708
4442,8635
4443,7653
4444,1571
4445,4755
4446,2796
4447,2605
4448,7726
4449,3091
4450,2288
4451,7820
4452,6343
4453,9984
4454,4526
4455,5680
4456,4674
4457,4074
4458,9561
4459,7592
4460,4148
4461,2680
4462,773
4463,3603
4464,4045
4465,8210
4466,1147
4467,5330
4468,7149
4469,491
4470,2882
4471,3803
4472,6537
4473,9494
4474,3696
4475,846
4476,1138
4477,4398
4478,211
4479,1599
4480,2942
4481,5811
4482,4137
4483,5412
4484,5436
4485,6767
4486,2352
4487,4245
4488,9916
4489,5994
4490,8228
4491,6013
4492,8634
4493,1262
4494,5464
4495,5182
4496,9896
4497,8167
4498,4412
4499,3207
4500,1820
4501,5217
4502,645
4503,5974
4504,973
4505,8498
4506,8108
4507,9378
4508,4292
4509,4997
4510,6135
4511,7344
4512,3448
4513,7522
4514,917
4515,6763
4516,8112
4517,1820
4518,940
4519,411
4520,7647
4521,2195
4522,1911
4523,1334
4524,9393
4525,253
4526,386
4527,5035
4528,590
4529,5011
4530,6683
4531,4414
4532,67
4533,6143
4534,5654
4535,5815
4536,8336
4537,5386
4538,1259
4539,7946
4540,2134
4541,8568
4542,6361
4543,8295
4544,2318
4545,6952
4546,9872
4547,1886
4548,7455
4549,845
4550,222
4551,676
4552,9774
4553,2810
4554,1561
4555,3719
4556,8439
4557,9758
4558,8712
4559,9289
4560,6366
4561,8996
4562,3907
4563,5589
4564,2904
4565,7614
4566,4166
4567,275
4568,6511
4569,3750
4570,178
4571,655
4572,7296
4573,3314
4574,2428
4575,3809
4576,6651
4577,6654
4578,2599
4579,8217
4580,8570
4581,9923
4582,2174
4583,4863
4584,6128
4585,4537
4586,7237
4587,9416
4588,2945
4589,2278
4590,8722
4591,4633
4592,1577
4593,6866
4594,4615
4595,6208
4596,6804
4597,1940
4598,3717
4599,1089
4600,9763
4601,4795
4602,440
4603,4993
4604,9975
4605,1911
4606,99
4607,3039
4608,1044
4609,1123
4610,1142
4611,1330
4612,6915
4613,2728
4614,2013
4615,7060
4616,1326
4617,3756
4618,6353
4619,6941
4620,4985
4621,2485
4622,8905
4623,7420
4624,2377
4625,580
4626,7849
4627,2688
4628,7261
4629,7616
4630,7391
4631,6136
4632,411
4633,5707
4634,7058
4635,8163
4636,8430
4637,8255
4638,7846
4639,8523
4640,1586
4641,8136
4642,9559
4643,5732
4644,4091
4645,8691
4646,234
4647,2095
4648,8540
4649,8086
4650,2107
4651,580
4652,50
4653,7591
4654,8390
4655,7676
4656,4642
4657,3329
4658,5627
4659,8016
4660,8990
4661,5324
4662,1611
4663,270
4664,6904
4665,5421
4666,3368
4667,733
4668,636
4669,5142
4670,5747
4671,4792
4672,1636
4673,4997
4674,9116
4675,3756
4676,4187
4677,9826
4678,2464
4679,8878
4680,1380
4681,2632
4682,684
4683,2125
4684,7121
4685,5645
4686,9312
4687,9090
4688,7125
4689,6078
4690,2313
4691,5170
4692,2667
4693,1715
4694,6616
4695,8060
4696,3168
4697,5696
4698,4963
4699,3453
4700,4578
4701,4037
4702,7870
4703,1712
4704,1408
4705,9550
4706,604
4707,2953
4708,8782
4709,829
4710,2518
4711,9700
4712,8173
4713,9196
4714,6768
4715,1179
4716,4483
4717,3872
4718,9719
4719,5376
4720,8959
4721,6133
4722,1337
4723,4468
4724,3343
4725,6795
4726,1918
4727,4819
4728,667
4729,9857
4730,6621
4731,2426
4732,8846
4733,4844
4734,9057
4735,1303
4736,4858
4737,355
4738,8985
4739,6039
4740,3698
4741,8478
4742,5998
4743,6224
4744,9875
4745,6474
4746,4916
4747,3515
4748,1165
4749,3952
4750,2617
4751,7414
4752,2239
4753,2740
4754,7604
4755,8816
4756,1940
4757,2222
4758,6831
4759,9584
4760,807
4761,8683
4762,9764
4763,7938
4764,656
4765,6227
4766,5863
4767,7114
4768,9840
4769,1795
4770,9860
4771,214
4772,2542
4773,4891
4774,2923
4775,1777
4776,2323
4777,6480
4778,3823
4779,1653
4780,1804
4781,1248
4782,6725
4783,6525
4784,8861
4785,9932
4786,4629
4787,4906
4788,6203
4789,35
4790,1781
4791,2509
4792,2206
4793,1866
4794,7227
4795,1498
4796,8719
4797,8765
4798,9061
4799,7160
4800,3072
4801,9012
4802,7598
4803,4328
4804,8184
4805,2399
4806,5660
4807,2553
4808,7488
4809,2652
4810,6642
4811,1976
4812,9194
4813,9649
4814,3433
4815,9440
4816,4245
4817,8005
4818,8435
4819,7352
4820,4130
4821,434
4822,9526
4823,4956
4824,4242
4825,245
4826,7857
4827,9719
4828,1891
4829,6787
4830,3256
4831,5325
4832,5382
4833,187
4834,2398
4835,7521
4836,9571
4837,8050
4838,2956
4839,5780
4840,5390
4841,8061
4842,6940
4843,4342
4844,7677
4845,577
4846,2474
4847,7696
4848,2757
4849,3820
4850,6012
4851,4000
4852,2684
4853,969
4854,1131
4855,6691
4856,1950
4857,4269
4858,7458
4859,8655
4860,4632
4861,9950
4862,6911
4863,7152
4864,6705
4865,5530
4866,9341
4867,4022
4868,8533
4869,1796
4870,701
4871,4092
4872,1503
4873,4448
4874,1509
4875,4005
4876,4883
4877,9083
4878,6929
4879,3780
4880,5542
4881,3895
4882,9438
4883,7215
4884,2247
4885,4450
4886,5761
4887,8646
4888,5783
4889,6251
4890,624
4891,2325
4892,8761
4893,4808
4894,3756
4895,1622
4896,563
4897,9377
4898,62
4899,2149
4900,7396
4901,5550
4902,8382
4903,694
4904,4911
4905,7278
4906,8041
4907,129
4908,2466
4909,9780
4910,9105
4911,6628
4912,2687
4913,3655
4914,2702
4915,5500
4916,4673
4917,3044
4918,8421
4919,1525
4920,6639
4921,424
4922,7836
4923,2338
4924,1117
4925,6292
4926,2445
4927,9588
4928,9652
4929,4103
4930,2156
4931,799
4932,482
4933,1101
4934,9328
4935,9795
4936,1493
4937,6075
4938,9777
4939,6358
4940,2925
4941,4649
4942,8963
4943,8143
4944,3661
4945,3927
4946,2720
4947,1038
4948,397
4949,2706
4950,3292
4951,8725
4952,7701
4953,7809
4954,133
4955,8496
4956,6524
4957,5248
4958,1014
4959,368
4960,8730
4961,616
4962,3143
4963,6579
4964,5547
4965,4064
4966,459
4967,3583
4968,8454
4969,24
4970,9798
4971,171
4972,584
4973,6682
4974,7157
4975,5162
4976,9488
4977,6699
4978,3652
4979,1945
4980,6998
4981,6417
4982,5534
4983,3812
4984,9014
4985,7564
4986,8077
4987,7514
4988,7803
4989,6118
4990,1487
4991,2688
4992,3086
4993,3819
4994,7449
4995,1058
4996,2335
4997,956
4998,8122
4999,3730
5000,6825
5001,7534
5002,1502
5003,7158
5004,5253
5005,6649
5006,6431
5007,9530
5008,9076
5009,3793
5010,4172
5011,4944
5012,6638
5013,4831
5014,6053
5015,795
5016,9480
5017,7898
5018,1131
5019,2377
5020,8454
5021,5069
5022,5967
5023,1694
5024,392
5025,5636
5026,9545
5027,9367
5028,2224
5029,7895
5030,2873
5031,3721
5032,1165
5033,6525
5034,6729
5035,1272
5036,1545
5037,4688
5038,5519
5039,9896
5040,626
5041,9397
5042,234
5043,6897
5044,8119
5045,3415
5046,8383
5047,9635
5048,5842
5049,8178
5050,9465
5051,1298
5052,3538
5053,6969
5054,232
5055,4556
5056,9708
5057,3662
5058,5144
5059,5780
5060,3188
5061,7784
5062,8437
5063,4413
5064,5020
5065,9083
5066,2012
5067,1924
5068,1604
5069,2586
5070,1361
5071,7358
5072,5063
5073,1618
5074,6390
5075,6193
5076,819
5077,4400
5078,8543
5079,8638
5080,5881
5081,3716
5082,1330
5083,7863
5084,2429
5085,9988
5086,1504
5087,4602
5088,4953
5089,3813
5090,2220
5091,3106
5092,8765
5093,8247
5094,4508
5095,7736
5096,8891
5097,4634
5098,7297
5099,612
5100,271
5101,7288
5102,9071
5103,2779
5104,3383
5105,8479
5106,968
5107,8217
5108,6497
5109,7244
5110,2885
5111,3302
5112,355
5113,7230
5114,4989
5115,9243
5116,535
5117,4906
5118,1216
5119,6873
5120,9885
5121,2861
5122,5288
5123,5382
5124,9686
5125,656
5126,3587
5127,9966
5128,314
5129,3170
5130,5622
5131,8725
5132,1741
5133,6405
5134,7186
5135,3864
5136,1421
5137,7711
5138,7643
5139,9501
5140,7986
5141,9233
5142,4206
5143,2959
5144,2251
5145,8829
5146,3370
5147,8158
5148,1281
5149,4690
5150,6979
5151,2616
5152,3890
5153,3317
5154,5297
5155,4446
5156,4672
5157,1416
5158,3470
5159,3073
5160,392
5161,4915
5162,2003
5163,5913
5164,4376
5165,3006
5166,6195
5167,3574
5168,8575
5169,7902
5170,7962
5171,4869
5172,2495
5173,8509
5174,6057
5175,3856
5176,1309
5177,3925
5178,9127
5179,7910
5180,5114
5181,5040
5182,9118
5183,6713
5184,3807
5185,5856
5186,1934
5187,2316
5188,8605
5189,8949
5190,1077
5191,9983
5192,661
5193,6879
5194,8351
5195,3679
5196,3941
5197,4696
5198,1433
5199,7920
5200,9411
5201,5508
5202,6590
5203,5235
5204,2348
5205,6872
5206,9359
5207,3616
5208,6292
5209,5164
5210,1067
5211,5185
5212,7247
5213,1512
5214,3315
5215,1004
5216,6533
5217,405
5218,7268
5219,4637
5220,1987
5221,4778
5222,1780
5223,111
5224,8222
5225,1321
5226,5116
5227,297
5228,8400
5229,3440
5230,9836
5231,4005
5232,589
5233,1805
5234,9571
5235,1140
5236,2594
5237,4642
5238,9628
5239,2413
5240,2093
5241,851
5242,1654
5243,4860
5244,9818
5245,9091
5246,1086
5247,9602
5248,4747
5249,5732
5250,4733
5251,9124
5252,2895
5253,647
5254,3435
5255,7869
5256,9985
5257,7606
5258,8203
5259,2806
5260,2166
5261,802
5262,2313
5263,6892
5264,1761
5265,9228
5266,5517
5267,1988
5268,6120
5269,2509
5270,9466
5271,2434
5272,8344
5273,414
5274,3255
5275,2166
5276,3870
5277,8602
5278,1811
5279,9867
5280,7953
5281,3227
5282,7469
5283,5902
5284,6023
5285,1950
5286,4674
5287,6533
5288,1476
5289,7377
5290,1161
5291,3079
5292,5504
5293,6434
5294,9514
5295,3164
5296,4141
5297,7066
5298,8702
5299,9373
5300,5225
5301,9443
5302,7566
5303,7937
5304,8171
5305,3812
5306,518
5307,607
5308,8812
5309,5791
5310,3784
5311,9247
5312,8177
5313,8012
5314,1667
5315,4119
5316,9750
5317,1951
5318,6937
5319,9883
5320,709
5321,5284
5322,4234
5323,7339
5324,5030
5325,1167
5326,8020
5327,3573
5328,5673
5329,9442
5330,2025
5331,3258
5332,3687
5333,3269
5334,3997
5335,661
5336,2711
5337,872
5338,4090
5339,5420
5340,6192
5341,2321
5342,4562
5343,1968
5344,9286
5345,6062
5346,7014
5347,9235
5348,49
5349,2192
5350,5929
5351,3730
5352,3122
5353,7704
5354,9617
5355,6153
5356,6877
5357,326
5358,7353
5359,2432
5360,609
5361,4492
5362,6252
5363,120
5364,2592
5365,1181
5366,9
5367,7048
5368,8643
5369,4477
5370,488
5371,4053
5372,9348
5373,8450
5374,9237
5375,3763
5376,65
5377,678
5378,2598
5379,8340
5380,8185
5381,2407
5382,4507
5383,2470
5384,8817
5385,8469
5386,1610
5387,753
5388,8835
5389,6600
5390,9794
5391,9026
5392,342
5393,9983
5394,2573
5395,2939
5396,1448
5397,2857
5398,7790
5399,8645
5400,6124
5401,8431
5402,4650
5403,9327
5404,2762
5405,8015
5406,1981
5407,3337
5408,6603
5409,2061
5410,665
5411,226
5412,8714
5413,9863
5414,6689
5415,436
5416,579
5417,3516
5418,5185
5419,2606
5420,6132
5421,4223
5422,6075
5423,5123
5424,2841
5425,2860
5426,2646
5427,2079
5428,2956
5429,1507
5430,547
5431,5840
5432,1239
5433,6506
5434,8823
5435,6800
5436,161
5437,2569
5438,7311
5439,1122
5440,1197
5441,4449
5442,3905
5443,7170
5444,3711
5445,1054
5446,1750
5447,9893
5448,3196
5449,891
5450,664
5451,4743
5452,8285
5453,1290
5454,6018
5455,7506
5456,3404
5457,731
5458,5823
5459,3613
5460,3
5461,532
5462,2175
5463,9892
5464,3928
5465,7024
5466,3957
5467,3617
5468,8689
5469,8964
5470,8157
5471,1844
5472,9592
5473,8050
5474,6532
5475,2052
5476,3096
5477,2363
5478,8442
5479,2943
5480,8269
5481,4605
5482,2844
5483,5071
5484,3321
5485,7015
5486,5443
5487,4515
5488,3996
5489,677
5490,933
5491,1655
5492,8058
5493,6473
5494,3924
5495,3369
5496,897
5497,5202
5498,8477
5499,9087
5500,2041
5501,4055
5502,8211
5503,1361
5504,587
5505,4768
5506,8160
5507,534
5508,1628
5509,6423
5510,1470
5511,1878
5512,5866
5513,8298
5514,1630
5515,775
5516,8316
5517,6809
5518,5030
5519,7680
5520,6962
5521,3455
5522,904
5523,8384
5524,4044
5525,6179
5526,6646
5527,1214
5528,7707
5529,7609
5530,3786
5531,3954
5532,287
5533,3388
5534,1437
5535,6112
5536,6798
5537,4197
5538,1921
5539,5212
5540,2362
5541,8976
5542,5044
5543,9497
5544,9409
5545,2272
5546,7445
5547,5890
5548,3939
5549,6862
5550,9014
5551,7708
5552,9292
5553,9666
5554,4199
5555,9307
5556,7825
5557,4763
5558,8709
5559,2077
5560,2638
5561,1000
5562,3243
5563,3185
5564,4767
5565,1254
5566,4366
5567,468
5568,3510
5569,6298
5570,4095
5571,1133
5572,3104
5573,4818
5574,3166
5575,8804
5576,3501
5577,5068
5578,716
5579,7731
5580,1193
5581,3497
5582,3779
5583,1984
5584,2786
5585,3500
5586,3599
5587,4134
5588,3556
5589,9295
5590,8907
5591,8762
5592,3028
5593,7205
5594,8795
5595,5239
5596,3278
5597,8206
5598,8922
5599,6113
5600,9948
5601,4197
5602,4531
5603,6621
5604,4844
5605,4596
5606,1258
5607,3615
5608,1332
5609,1249
5610,6987
5611,7131
5612,4329
5613,2457
5614,6391
5615,3545
5616,4769
5617,9470
5618,3334
5619,49
5620,2774
5621,7820
5622,4954
5623,6499
5624,6274
5625,5152
5626,2568
5627,8763
5628,4434
5629,9240
5630,6170
5631,3974
5632,3344
5633,4726
5634,5683
5635,2647
5636,9630
5637,6695
5638,259
5639,6108
5640,3148
5641,9378
5642,8672
5643,8339
5644,3523
5645,4980
5646,2566
5647,8159
5648,8384
5649,7351
5650,1705
5651,6261
5652,6667
5653,8472
5654,7423
5655,4141
5656,1204
5657,2207
5658,3922
5659,1887
5660,2215
5661,7509
5662,6691
5663,5004
5664,2103
5665,8348
5666,5717
5667,9277
5668,6291
5669,3734
5670,8575
5671,88
5672,4814
5673,287
5674,3227
5675,2594
5676,435
5677,5699
5678,1385
5679,321
5680,7935
5681,1861
5682,1816
5683,6929
5684,2922
5685,2229
5686,1544
5687,3237
5688,5207
5689,94
5690,3604
5691,6494
5692,9970
5693,6267
5694,1706
5695,5797
5696,8814
5697,8262
5698,4798
5699,2867
5700,1863
5701,9512
5702,1049
5703,90
5704,4087
5705,934
5706,2636
5707,5975
5708,5753
5709,1778
5710,5579
5711,2776
5712,5955
5713,1363
5714,9732
5715,9884
5716,5043
5717,1047
5718,6398
5719,6974
5720,4926
5721,5046
5722,3102
5723,2630
5724,6008
5725,8560
5726,944
5727,1064
5728,1499
5729,8161
5730,5496
5731,4965
5732,1543
5733,6523
5734,4319
5735,4062
5736,1814
5737,7202
5738,2635
5739,8433
5740,1871
5741,8084
5742,504
5743,4296
5744,8126
5745,6937
5746,2413
5747,3106
5748,8417
5749,9763
5750,2013
5751,9144
5752,1181
5753,533
5754,4283
5755,2682
5756,6185
5757,6524
5758,3607
5759,4264
5760,7719
5761,1817
5762,3579
5763,1202
5764,757
5765,3455
5766,6598
5767,3262
5768,1734
5769,1915
5770,9068
5771,7153
5772,3126
5773,4238
5774,1045
5775,4406
5776,6523
5777,6156
5778,332
5779,1536
5780,8629
5781,5986
5782,694
5783,9608
5784,7540
5785,4367
5786,132
5787,4545
5788,5188
5789,3785
5790,7581
5791,7254
5792,4650
5793,3325
5794,1701
5795,5809
5796,5122
5797,5897
5798,563
5799,5227
5800,3056
5801,4125
5802,8670
5803,687
5804,7848
5805,6778
5806,2377
5807,4865
5808,1697
5809,6797
5810,9308
5811,8813
5812,2752
5813,8268
5814,7419
5815,7305
5816,9394
5817,2370
5818,6871
5819,1355
5820,1466
5821,2729
5822,1933
5823,7434
5824,443
5825,9582
5826,6185
5827,7477
5828,4579
5829,5813
5830,4050
5831,3093
5832,1102
5833,1780
5834,8111
5835,4581
5836,9970
5837,9394
5838,1545
5839,9656
5840,5586
5841,72
5842,9945
5843,7635
5844,3428
5845,7866
5846,9534
5847,2101
5848,4507
5849,552
5850,6867
5851,4995
5852,5165
5853,4487
5854,7435
5855,5399
5856,4063
5857,1567
5858,8228
5859,7953
5860,9974
5861,2596
5862,142
5863,7459
5864,3846
5865,3699
5866,2105
5867,8865
5868,3905
5869,8579
5870,9548
5871,1358
5872,7739
5873,7117
5874,7470
5875,6099
5876,8560
5877,1048
5878,9075
5879,7304
5880,292
5881,9757
5882,149
5883,471
5884,3662
5885,867
5886,615
5887,6325
5888,42
5889,3406
5890,3022
5891,5484
5892,2704
5893,1252
5894,9417
5895,9444
5896,3598
5897,5837
5898,6062
5899,829
5900,4127
5901,8289
5902,9016
5903,6062
5904,4744
5905,4212
5906,9805
5907,8391
5908,7736
5909,9699
5910,4743
5911,7723
5912,5330
5913,7285
5914,1580
5915,9075
5916,24
5917,2147
5918,7839
5919,1678
5920,805
5921,6031
5922,3190
5923,7162
5924,2487
5925,9794
5926,3131
5927,5036
5928,6734
5929,1964
5930,4105
5931,8182
5932,5499
5933,7130
5934,1937
5935,9348
5936,5102
5937,3052
5938,8429
5939,4841
5940,3581
5941,9854
5942,2990
5943,5228
5944,1181
5945,1103
5946,4708
5947,2900
5948,4626
5949,5426
5950,1296
5951,1847
5952,8779
5953,7065
5954,5228
5955,7856
5956,2550
5957,1928
5958,1776
5959,2411
5960,1014
5961,3928
5962,2890
5963,8515
5964,1139
5965,27
5966,8020
5967,8378
5968,1455
5969,7507
5970,5867
5971,6395
5972,1737
5973,5352
5974,9435
5975,95
5976,1007
5977,7107
5978,1029
5979,8796
5980,5121
5981,1477
5982,9040
5983,8524
5984,843
5985,6699
5986,7978
5987,6277
5988,4333
5989,4183
5990,4183
5991,8589
5992,6597
5993,6919
5994,6052
5995,6875
5996,6326
5997,2008
5998,8794
5999,7815
6000,6442
6001,3998
6002,6695
6003,5752
6004,9751
6005,3335
6006,2822
6007,2420
6008,3922
6009,9594
6010,3789
6011,584
6012,1384
6013,810
6014,7078
6015,7331
6016,8188
6017,2269
6018,4554
6019,9606
6020,5900
6021,3925
6022,7831
6023,1429
6024,7029
6025,7211
6026,820
6027,7759
6028,9796
6029,9514
6030,8111
6031,9581
6032,5879
6033,8528
6034,9801
6035,5038
6036,5273
6037,6433
6038,7319
6039,6716
6040,5950
6041,1304
6042,1098
6043,1449
6044,1619
6045,117
6046,7669
6047,1402
6048,1383
6049,9764
6050,7769
6051,9134
6052,4659
6053,2451
6054,3495
6055,9516
6056,4569
6057,801
6058,5090
6059,9177
6060,2456
6061,467
6062,4903
6063,4167
6064,1446
6065,3872
6066,4278
6067,1981
6068,104
6069,8868
6070,4375
6071,7182
6072,8702
6073,7134
6074,414
6075,5617
6076,5277
6077,4196
6078,7345
6079,5558
6080,2373
6081,725
6082,7136
6083,8826
6084,3356
6085,9142
6086,1833
6087,1763
6088,8467
6089,4762
6090,1099
6091,4528
6092,905
6093,8619
6094,1647
6095,2534
6096,2267
6097,5309
6098,6306
6099,3734
6100,9275
6101,1711
6102,3331
6103,1749
6104,5361
6105,6901
6106,6304
6107,2504
6108,7383
6109,4521
6110,5318
6111,9801
6112,5204
6113,4718
6114,8894
6115,6596
6116,4442
6117,9591
6118,3259
6119,8109
6120,6644
6121,2447
6122,316
6123,6875
6124,6375
6125,2806
6126,434
6127,2007
6128,3040
6129,6659
6130,6092
6131,1023
6132,4923
6133,8713
6134,9303
6135,6448
6136,6231
6137,1510
6138,8826
6139,3436
6140,6963
6141,2187
6142,4185
6143,6903
6144,8696
6145,9475
6146,3825
6147,1829
6148,7432
6149,7329
6150,5928
6151,6233
6152,3756
6153,3250
6154,3986
6155,7093
6156,9683
6157,9098
6158,424
6159,120
6160,3029
6161,1925
6162,8478
6163,9324
6164,5165
6165,6182
6166,1097
6167,936
6168,5297
6169,9808
6170,4139
6171,9002
6172,8670
6173,1512
6174,242
6175,819
6176,2093
6177,6279
6178,6910
6179,6368
6180,7429
6181,2433
6182,8802
6183,6421
6184,7330
6185,5174
6186,853
6187,9431
6188,4462
6189,8893
6190,9296
6191,8438
6192,4849
6193,222
6194,4794
6195,5293
6196,221
6197,3279
6198,8707
6199,6818
6200,9963
6201,3336
6202,5067
6203,3108
6204,7689
6205,8911
6206,8705
6207,2331
6208,1557
6209,6199
6210,4114
6211,6600
6212,4849
6213,9154
6214,3521
6215,8278
6216,3851
6217,7344
6218,3793
6219,4120
6220,1495
6221,4888
6222,6189
6223,2702
6224,6910
6225,6775
6226,9129
6227,224
6228,6344
6229,8987
6230,9258
6231,4118
6232,6899
6233,9632
6234,7892
6235,3405
6236,4941
6237,9827
6238,7689
6239,1320
6240,6095
6241,2949
6242,8380
6243,9190
6244,9561
6245,6086
6246,656
6247,964
6248,5158
6249,8733
6250,3786
6251,8016
6252,9797
6253,6854
6254,3076
6255,5268
6256,8123
6257,3960
6258,7947
6259,7767
6260,2278
6261,4309
6262,852
6263,1231
6264,6849
6265,2943
6266,1939
6267,338
6268,2085
6269,7026
6270,7635
6271,3892
6272,3820
6273,9659
6274,5795
6275,6300
6276,8000
6277,4658
6278,4259
6279,1411
6280,188
6281,5550
6282,6403
6283,5032
6284,9582
6285,8569
6286,6415
6287,3012
6288,4545
6289,6591
6290,3816
6291,7970
6292,8821
6293,1813
6294,9442
6295,3971
6296,6715
6297,4693
6298,2627
6299,43
6300,2222
6301,8726
6302,6659
6303,6190
6304,4646
6305,888
6306,9827
6307,8555
6308,6722
6309,4876
6310,7206
6311,7764
6312,5687
6313,5118
6314,8332
6315,8053
6316,8131
6317,3684
6318,9597
6319,5945
6320,5691
6321,6034
6322,364
6323,8945
6324,1880
6325,7462
6326,3442
6327,3588
6328,939
6329,4154
6330,8727
6331,4985
6332,6693
6333,2776
6334,4795
6335,2615
6336,2903
6337,1669
6338,7093
6339,1246
6340,1575
6341,7160
6342,5958
6343,4953
6344,8899
6345,1086
6346,7315
6347,5735
6348,135
6349,9212
6350,2808
6351,4030
6352,3329
6353,9246
6354,2211
6355,9016
6356,6610
6357,3902
6358,2008
6359,6389
6360,187
6361,3019
6362,584
6363,8958
6364,1735
6365,5071
6366,4817
6367,1334
6368,4118
6369,502
6370,8592
6371,2243
6372,4234
6373,2178
6374,9828
6375,3402
6376,5621
6377,4312
6378,7445
6379,1878
6380,2398
6381,3908
6382,1399
6383,2632
6384,6088
6385,9973
6386,5434
6387,9871
6388,5086
6389,8773
6390,4885
6391,362
6392,9120
6393,8342
6394,2580
6395,4770
6396,6623
6397,2854
6398,2739
6399,21
6400,4608
6401,6057
6402,3211
6403,5008
6404,1581
6405,9228
6406,4324
6407,2549
6408,5977
6409,9291
6410,8496
6411,6876
6412,9359
6413,4568
6414,150
6415,5340
6416,9393
6417,6665
6418,3815
6419,3220
6420,9600
6421,2284
6422,6936
6423,9880
6424,6616
6425,2753
6426,1140
6427,1668
6428,7696
6429,4469
6430,7158
6431,1484
6432,180
6433,1001
6434,4762
6435,8985
6436,4794
6437,1663
6438,1524
6439,8054
6440,8743
6441,4425
6442,8952
6443,9692
6444,7183
6445,4023
6446,7280
6447,482
6448,1205
6449,1732
6450,2056
6451,6857
6452,7657
6453,4740
6454,6876
6455,8607
6456,7640
6457,7932
6458,3284
6459,554
6460,1209
6461,1945
6462,4762
6463,7693
6464,6951
6465,5245
6466,5322
6467,8449
6468,6318
6469,6301
6470,381
6471,2694
6472,444
6473,8520
6474,4214
6475,6104
6476,5311
6477,5682
6478,7086
6479,3481
6480,7824
6481,1300
6482,9536
6483,8504
6484,6869
6485,1524
6486,321
6487,1678
6488,2350
6489,8886
6490,1199
6491,1089
6492,4477
6493,8924
6494,7641
6495,8
6496,5854
6497,6192
6498,6893
6499,2210
6500,4788
6501,71
6502,6739
6503,8105
6504,1866
6505,8734
6506,9346
6507,2376
6508,6894
6509,7825
6510,415
6511,2285
6512,4596
6513,9204
6514,8088
6515,3948
6516,9727
6517,9388
6518,217
6519,5680
6520,2845
6521,3639
6522,4524
6523,9974
6524,9302
6525,5229
6526,9850
6527,5433
6528,9634
6529,9028
6530,9941
6531,8478
6532,953
6533,4929
6534,1818
6535,8382
6536,9533
6537,35
6538,6857
6539,606
6540,1956
6541,2511
6542,4948
6543,6915
6544,8389
6545,7027
6546,1098
6547,7689
6548,6719
6549,7512
6550,9169
6551,8410
6552,884
6553,3573
6554,9015
6555,8660
6556,8944
6557,6493
6558,2730
6559,2944
6560,7413
6561,2837
6562,2211
6563,3873
6564,3460
6565,6200
6566,1750
6567,579
6568,1401
6569,8896
6570,3346
6571,8643
6572,6784
6573,4029
6574,9400
6575,9247
6576,9512
6577,4913
6578,7186
6579,8747
6580,679
6581,2021
6582,9736
6583,6597
6584,816
6585,3762
6586,1628
6587,2667
6588,9058
6589,8472
6590,513
6591,1156
6592,8207
6593,9763
6594,9676
6595,2097
6596,1750
6597,3559
6598,2227
6599,1429
6600,5878
6601,6993
6602,6588
6603,2094
6604,4963
6605,4361
6606,6910
6607,9260
6608,5542
6609,245
6610,5098
6611,873
6612,6167
6613,9012
6614,2816
6615,306
6616,9541
6617,4831
6618,9633
6619,66
6620,4225
6621,5994
6622,5712
6623,3395
6624,792
6625,3465
6626,7663
6627,8544
6628,1008
6629,5923
6630,5291
6631,5398
6632,1267
6633,948
6634,4941
6635,7396
6636,7356
6637,2306
6638,1617
6639,4349
6640,1050
6641,7053
6642,1918
6643,349
6644,1388
6645,1580
6646,385
6647,7648
6648,4979
6649,4977
6650,3828
6651,8206
6652,9869
6653,4686
6654,9465
6655,6508
6656,7381
6657,8470
6658,5911
6659,8796
6660,9954
6661,6087
6662,5315
6663,9439
6664,7482
6665,2631
6666,8803
6667,757
6668,3931
6669,8061
6670,9905
6671,4285
6672,5394
6673,448
6674,3471
6675,186
6676,3723
6677,3176
6678,6645
6679,9659
6680,2274
6681,5164
6682,9391
6683,8755
6684,4517
6685,180
6686,8374
6687,322
6688,5085
6689,469
6690,9341
6691,2934
6692,3740
6693,4838
6694,6436
6695,1652
6696,4121
6697,1337
6698,7113
6699,2286
6700,5161
6701,4565
6702,9921
6703,7205
6704,577
6705,6206
6706,1988
6707,1469
6708,4995
6709,9943
6710,481
6711,5177
6712,4569
6713,8533
6714,5499
6715,3864
6716,1770
6717,3958
6718,9474
6719,5153
6720,1212
6721,9894
6722,418
6723,244
6724,5866
6725,8747
6726,2110
6727,9434
6728,5781
6729,595
6730,2982
6731,6259
6732,8183
6733,8138
6734,550
6735,6034
6736,6043
6737,3398
6738,8711
6739,3229
6740,4401
6741,1201
6742,4255
6743,2164
6744,8485
6745,4225
6746,2603
6747,5045
6748,4450
6749,6551
6750,9859
6751,6782
6752,2287
6753,9300
6754,4568
6755,2085
6756,2452
6757,9352
6758,8267
6759,2029
6760,3430
6761,492
6762,1291
6763,8812
6764,4898
6765,3364
6766,3822
6767,3100
6768,8407
6769,5254
6770,9013
6771,381
6772,3209
6773,4940
6774,5131
6775,4630
6776,8750
6777,202
6778,4426
6779,4375
6780,6488
6781,7217
6782,1412
6783,4564
6784,8070
6785,3677
6786,3244
6787,9030
6788,6166
6789,4735
6790,1657
6791,7448
6792,225
6793,1771
6794,9875
6795,9268
6796,378
6797,8434
6798,9989
6799,8629
6800,4781
6801,5119
6802,5988
6803,2565
6804,2016
6805,9414
6806,5280
6807,8791
6808,4893
6809,9747
6810,4352
6811,3660
6812,3621
6813,8250
6814,1200
6815,4398
6816,3757
6817,6999
6818,9853
6819,3772
6820,718
6821,985
6822,696
6823,387
6824,876
6825,2472
6826,9565
6827,3191
6828,9494
6829,257
6830,2164
6831,4914
6832,8676
6833,5688
6834,9358
6835,3255
6836,5991
6837,5328
6838,3146
6839,7807
6840,800
6841,4088
6842,5133
6843,9330
6844,6499
6845,6150
6846,7171
6847,9742
6848,8229
6849,3943
6850,3082
6851,8258
6852,9342
6853,9046
6854,1771
6855,6476
6856,6537
6857,9800
6858,206
6859,5486
6860,7165
6861,3307
6862,9985
6863,5061
6864,4089
6865,4813
6866,8287
6867,2032
6868,3712
6869,1084
6870,1806
6871,7190
6872,8853
6873,3510
6874,539
6875,6123
6876,7817
6877,4050
6878,5990
6879,2037
6880,5140
6881,7520
6882,7700
6883,3179
6884,2284
6885,3992
6886,3266
6887,3116
6888,9241
6889,7925
6890,7349
6891,6913
6892,7345
6893,6865
6894,2809
6895,5115
6896,5249
6897,1140
6898,3097
6899,1542
6900,6455
6901,8041
6902,7012
6903,2325
6904,9833
6905,4922
6906,3540
6907,9488
6908,4764
6909,280
6910,6286
6911,7063
6912,4741
6913,9886
6914,7945
6915,5611
6916,9925
6917,5484
6918,281
6919,6534
6920,1948
6921,3922
6922,7457
6923,5043
6924,9619
6925,2207
6926,6367
6927,7863
6928,8199
6929,5600
6930,1139
6931,9228
6932,805
6933,4593
6934,4578
6935,5431
6936,9654
6937,6542
6938,2985
6939,9474
6940,2860
6941,457
6942,8379
6943,542
6944,5087
6945,3309
6946,6339
6947,9932
6948,9944
6949,6432
6950,2168
6951,2795
6952,3212
6953,349
6954,2409
6955,9153
6956,2362
6957,5848
6958,7462
6959,4424
6960,4334
6961,3615
6962,6991
6963,1277
6964,9860
6965,2070
6966,1483
6967,690
6968,3991
6969,4501
6970,8560
6971,4093
6972,447
6973,8809
6974,3440
6975,9815
6976,867
6977,6255
6978,4163
6979,173
6980,9154
6981,8531
6982,6328
6983,9190
6984,2385
6985,7771
6986,2331
6987,149
6988,6438
6989,2085
6990,6967
6991,936
6992,3118
6993,3955
6994,2521
6995,6757
6996,182
6997,4921
6998,8141
6999,5503
7000,6751
7001,5410
7002,1377
7003,2578
7004,9829
7005,5369
7006,851
7007,3435
7008,6844
7009,678
7010,9677
7011,1225
7012,3548
7013,6362
7014,5627
7015,1124
7016,605
7017,69
7018,9810
7019,5512
7020,9837
7021,5113
7022,8777
7023,1793
7024,9142
7025,486
7026,2720
7027,1710
7028,5429
7029,3607
7030,1918
7031,710
7032,9050
7033,9778
7034,5416
7035,5990
7036,9807
7037,5480
7038,5060
7039,9206
7040,4558
7041,968
7042,6362
7043,7919
7044,9606
7045,7515
7046,6498
7047,7171
7048,9243
7049,7423
7050,348
7051,2288
7052,1027
7053,8980
7054,4381
7055,3333
7056,442
7057,3882
7058,894
7059,9831
7060,3559
7061,594
7062,8875
7063,7522
7064,6730
7065,494
7066,3863
7067,4278
7068,9727
7069,6200
7070,3956
7071,1664
7072,8965
7073,8145
7074,3501
7075,9471
7076,8940
7077,6530
7078,196
7079,237
7080,8285
7081,527
7082,7108
7083,933
7084,9617
7085,8404
7086,9248
7087,5033
7088,1241
7089,2703
7090,7201
7091,1038
7092,1578
7093,2247
7094,805
7095,5766
7096,5145
7097,8659
7098,259
7099,2849
7100,5932
7101,2993
7102,7903
7103,5297
7104,469
7105,1777
7106,1809
7107,9510
7108,9874
7109,921
7110,9659
7111,6420
7112,7155
7113,3866
7114,6065
7115,7783
7116,4430
7117,1485
7118,3490
7119,122
7120,7846
7121,2980
7122,3825
7123,7321
7124,9457
7125,6756
7126,2450
7127,5621
7128,9683
7129,5932
7130,9650
7131,2558
7132,8472
7133,7511
7134,3997
7135,3154
7136,3319
7137,1995
7138,2550
7139,7965
7140,5068
7141,9725
7142,2831
7143,7851
7144,5774
7145,3904
7146,6370
7147,375
7148,5676
7149,1921
7150,3864
7151,7013
7152,9864
7153,8632
7154,4027
7155,6038
7156,4333
7157,8614
7158,7225
7159,4051
7160,8149
7161,1140
7162,12
7163,2014
7164,8430
7165,2827
7166,3525
7167,3815
7168,1323
7169,4456
7170,2918
7171,8556
7172,2037
7173,3200
7174,4458
7175,8549
7176,1306
7177,2294
7178,509
7179,2280
7180,1651
7181,2078
7182,3987
7183,7412
7184,8551
7185,7165
7186,968
7187,9708
7188,6441
7189,2057
7190,5356
7191,8039
7192,3805
7193,6911
7194,5818
7195,5085
7196,243
7197,4505
7198,6198
7199,8009
7200,5617
7201,8884
7202,130
7203,9069
7204,3976
7205,2308
7206,4629
7207,9390
7208,84
7209,8001
7210,9197
7211,2172
7212,4657
7213,8750
7214,7697
7215,2704
7216,4651
7217,6965
7218,8042
7219,7006
7220,509
7221,8799
7222,9578
7223,5937
7224,8748
7225,7437
7226,8638
7227,969
7228,4884
7229,113
7230,6681
7231,456
7232,3893
7233,3101
7234,6398
7235,9581
7236,183
7237,9785
7238,9561
7239,8816
7240,7640
7241,5591
7242,4068
7243,9684
7244,2411
7245,9959
7246,6314
7247,1868
7248,7216
7249,7630
7250,739
7251,144
7252,1478
7253,9537
7254,5321
7255,5562
7256,9675
7257,7854
7258,3572
7259,6801
7260,5301
7261,5838
7262,4198
7263,639
7264,7410
7265,6092
7266,7834
7267,6256
7268,6741
7269,6048
7270,4148
7271,1913
7272,9597
7273,7037
7274,3818
7275,5662
7276,1766
7277,2342
7278,7755
7279,7422
7280,7516
7281,1047
7282,8905
7283,9645
7284,5082
7285,4101
7286,9794
7287,5959
7288,2362
7289,8819
7290,2385
7291,1854
7292,5147
7293,3314
7294,8858
7295,5428
7296,3054
7297,8500
7298,2804
7299,4993
7300,7663
7301,1725
7302,8549
7303,8377
7304,7021
7305,1965
7306,252
7307,4629
7308,7780
7309,7595
7310,9147
7311,9323
7312,6224
7313,8258
7314,59
7315,4822
7316,7290
7317,4207
7318,3516
7319,940
7320,8447
7321,2053
7322,2845
7323,1828
7324,6904
7325,7925
7326,8603
7327,5123
7328,1192
7329,4742
7330,5616
7331,4110
7332,5153
7333,2060
7334,516
7335,293
7336,6589
7337,4482
7338,4383
7339,4558
7340,3702
7341,7494
7342,2119
7343,2115
7344,9369
7345,2012
7346,1667
7347,1817
7348,3171
7349,1093
7350,209
7351,4039
7352,324
7353,1602
7354,7736
7355,7029
7356,8623
7357,7355
7358,4224
7359,7973
7360,4562
7361,4018
7362,3057
7363,4071
7364,1325
7365,1129
7366,8869
7367,2863
7368,4735
7369,2749
7370,6264
7371,4014
7372,4319
7373,5254
7374,3482
7375,8000
7376,4496
7377,1561
7378,9909
7379,5247
7380,6774
7381,8728
7382,8730
7383,7294
7384,2537
7385,6738
7386,3513
7387,7846
7388,3208
7389,817
7390,7481
7391,2764
7392,4011
7393,4080
7394,4268
7395,2853
7396,9843
7397,6785
7398,6267
7399,4104
7400,1681
7401,8722
7402,2676
7403,1678
7404,9229
7405,84
7406,9185
7407,9311
7408,2851
7409,5913
7410,5056
7411,7058
7412,394
7413,9459
7414,2706
7415,4921
7416,9570
7417,5380
7418,4280
7419,1582
7420,2548
7421,7402
7422,9646
7423,6229
7424,9823
7425,9765
7426,9396
7427,7916
7428,2540
7429,1983
7430,6489
7431,6978
7432,4443
7433,8423
7434,1909
7435,2767
7436,6994
7437,3537
7438,7214
7439,5730
7440,7112
7441,4827
7442,2329
7443,1590
7444,1118
7445,3657
7446,1289
7447,5168
7448,8315
7449,1205
7450,3139
7451,4673
7452,5051
7453,608
7454,5042
7455,2973
7456,6334
7457,9738
7458,5961
7459,3345
7460,6476
7461,3936
7462,152
7463,4090
7464,4108
7465,7980
7466,4939
7467,888
7468,5631
7469,9281
7470,9343
7471,423
7472,7715
7473,3904
7474,2200
7475,1683
7476,4255
7477,3174
7478,1282
7479,3592
7480,9714
7481,7164
7482,1226
7483,3814
7484,7779
7485,870
7486,8795
7487,6611
7488,92
7489,4425
7490,105
7491,4551
7492,4452
7493,8257
7494,3205
7495,3174
7496,6778
7497,8232
7498,5517
7499,7054
7500,3403
7501,3685
7502,6587
7503,1135
7504,4307
7505,9042
7506,6888
7507,3150
7508,5647
7509,6366
7510,744
7511,4258
7512,3710
7513,1851
7514,270
7515,4039
7516,3748
7517,8104
7518,2990
7519,8229
7520,6800
7521,8976
7522,5349
7523,5092
7524,1656
7525,1946
7526,4107
7527,8912
7528,9729
7529,2568
7530,8476
7531,8547
7532,2678
7533,4342
7534,9327
7535,7224
7536,6387
7537,2621
7538,3020
7539,239
7540,7878
7541,416
7542,2361
7543,554
7544,5045
7545,1679
7546,9519
7547,4896
7548,3329
7549,6658
7550,1022
7551,4036
7552,5884
7553,9841
7554,111
7555,8643
7556,5482
7557,9238
7558,1063
7559,7459
7560,3616
7561,9346
7562,4630
7563,1594
7564,1273
7565,1462
7566,1120
7567,7885
7568,8743
7569,24
7570,4338
7571,6708
7572,5272
7573,4687
7574,7754
7575,2019
7576,8822
7577,3353
7578,7479
7579,79
7580,6815
7581,475
7582,1401
7583,5990
7584,5317
7585,4602
7586,4166
7587,2943
7588,2860
7589,615
7590,1202
7591,3642
7592,8734
7593,6243
7594,4188
7595,2305
7596,1940
7597,2657
7598,2487
7599,2899
7600,7011
7601,4045
7602,381
7603,1819
7604,3012
7605,2451
7606,1294
7607,9199
7608,6691
7609,909
7610,7594
7611,3014
7612,2837
7613,4956
7614,7512
7615,2707
7616,667
7617,1562
7618,5620
7619,9318
7620,2270
7621,5978
7622,5521
7623,1257
7624,1611
7625,3146
7626,7361
7627,2099
7628,3314
7629,6955
7630,8908
7631,6558
7632,1924
7633,5003
7634,1268
7635,1881
7636,7330
7637,6452
7638,2456
7639,3520
7640,8481
7641,984
7642,4483
7643,6999
7644,9060
7645,9212
7646,615
7647,6258
7648,4846
7649,8775
7650,8737
7651,24
7652,6902
7653,2690
7654,3022
7655,9533
7656,9007
7657,6025
7658,9539
7659,3438
7660,5200
7661,965
7662,7057
7663,8327
7664,6941
7665,5444
7666,5954
7667,7306
7668,6873
7669,6611
7670,3884
7671,2970
7672,7506
7673,9102
7674,1364
7675,3825
7676,1182
7677,4097
7678,3978
7679,6626
7680,2023
7681,5634
7682,5941
7683,6870
7684,170
7685,2829
7686,2564
7687,624
7688,7723
7689,3325
7690,4577
7691,562
7692,4389
7693,7749
7694,2569
7695,8445
7696,1234
7697,6352
7698,9494
7699,4062
7700,7473
7701,9028
7702,3770
7703,8357
7704,7872
7705,5012
7706,4637
7707,3700
7708,1453
7709,295
7710,8540
7711,6309
7712,7058
7713,8626
7714,9847
7715,7760
7716,2130
7717,7532
7718,3842
7719,3797
7720,558
7721,8603
7722,8750
7723,6384
7724,7840
7725,3632
7726,1663
7727,631
7728,6338
7729,4057
7730,7565
7731,8057
7732,3074
7733,722
7734,980
7735,241
7736,6711
7737,1248
7738,1351
7739,4653
7740,9045
7741,157
7742,856
7743,2204
7744,9882
7745,4719
7746,7183
7747,9015
7748,3140
7749,4514
7750,801
7751,4945
7752,5764
7753,9609
7754,3612
7755,7955
7756,1728
7757,557
7758,1324
7759,2089
7760,6321
7761,2868
7762,5763
7763,3883
7764,5018
7765,1304
7766,6691
7767,9370
7768,4565
7769,2438
7770,4571
7771,5136
7772,8996
7773,2193
7774,222
7775,9974
7776,7749
7777,2119
7778,5795
7779,9336
7780,1431
7781,2959
7782,3317
7783,970
7784,9590
7785,2546
7786,9743
7787,7298
7788,2257
7789,622
7790,5492
7791,4218
7792,822
7793,9587
7794,8175
7795,7349
7796,9103
7797,3962
7798,3808
7799,1483
7800,1343
7801,9642
7802,986
7803,4896
7804,7235
7805,7600
7806,6279
7807,3167
7808,7883
7809,4100
7810,8020
7811,4052
7812,793
7813,1602
7814,7491
7815,1900
7816,6777
7817,878
7818,3059
7819,6027
7820,2010
7821,6164
7822,5857
7823,8693
7824,6478
7825,3569
7826,3278
7827,1115
7828,5987
7829,6876
7830,9677
7831,9516
7832,4096
7833,9872
7834,2236
7835,9821
7836,965
7837,1252
7838,6872
7839,650
7840,8481
7841,8697
7842,7833
7843,1243
7844,5778
7845,896
7846,776
7847,9274
7848,7772
7849,6563
7850,5269
7851,4217
7852,8720
7853,9253
7854,4255
7855,2090
7856,5983
7857,9066
7858,7554
7859,142
7860,4002
7861,9280
7862,3243
7863,6266
7864,4223
7865,5906
7866,348
7867,6228
7868,6835
7869,6773
7870,2309
7871,9829
7872,5746
7873,2583
7874,7797
7875,5352
7876,8917
7877,1544
7878,2393
7879,9834
7880,5790
7881,8279
7882,7301
7883,1714
7884,4669
7885,4804
7886,5086
7887,4013
7888,1463
7889,2967
7890,1043
7891,5895
7892,5745
7893,6689
7894,4736
7895,2210
7896,6567
7897,4471
7898,2904
7899,7953
7900,8600
7901,9081
7902,5022
7903,1426
7904,437
7905,6839
7906,4417
7907,1228
7908,7087
7909,3528
7910,4097
7911,8182
7912,3770
7913,470
7914,294
7915,4165
7916,8546
7917,9811
7918,7075
7919,9488
7920,748
7921,7701
7922,9541
7923,445
7924,5301
7925,3728
7926,1832
7927,8290
7928,471
7929,429
7930,1468
7931,9103
7932,1729
7933,8767
7934,7110
7935,422
7936,7238
7937,5803
7938,5086
7939,184
7940,6046
7941,258
7942,2029
7943,9593
7944,2748
7945,9066
7946,8421
7947,1442
7948,5615
7949,9511
7950,9421
7951,4884
7952,1428
7953,7979
7954,604
7955,1914
7956,5429
7957,1539
7958,917
7959,2648
7960,871
7961,5673
7962,5139
7963,2214
7964,1974
7965,8064
7966,2812
7967,5364
7968,2522
7969,2148
7970,8367
7971,4013
7972,3666
7973,654
7974,8589
7975,9245
7976,7597
7977,3136
7978,8665
7979,5650
7980,7475
7981,5716
7982,7402
7983,1340
7984,2592
7985,6368
7986,3835
7987,6380
7988,9109
7989,9519
7990,9395
7991,2128
7992,8736
7993,9359
7994,2561
7995,3743
7996,9922
7997,9415
7998,7504
7999,9890
8000,7752
8001,1756
8002,4306
8003,7124
8004,5641
8005,2664
8006,7559
8007,3654
8008,9166
8009,9633
8010,6713
8011,333
8012,4857
8013,7713
8014,2942
8015,8910
8016,9844
8017,791
8018,2950
8019,8256
8020,7641
8021,7536
8022,7117
8023,4352
8024,2845
8025,5880
8026,6881
8027,5116
8028,9171
8029,9855
8030,3171
8031,8659
8032,142
8033,7040
8034,1932
8035,5932
8036,1778
8037,4853
8038,1995
8039,143
8040,1767
8041,1603
8042,2586
8043,9820
8044,7269
8045,7715
8046,4401
8047,1430
8048,6014
8049,3278
8050,6308
8051,3293
8052,2396
8053,8489
8054,1221
8055,6320
8056,7796
8057,1276
8058,8401
8059,1126
8060,8848
8061,9667
8062,8403
8063,5026
8064,9905
8065,6922
8066,5023
8067,125
8068,4823
8069,8095
8070,856
8071,2158
8072,5303
8073,2531
8074,6509
8075,3471
8076,6800
8077,7811
8078,7996
8079,9981
8080,6388
8081,1275
8082,7625
8083,432
8084,2193
8085,9789
8086,8394
8087,7635
8088,5396
8089,252
8090,9830
8091,1415
8092,146
8093,7424
8094,3033
8095,4935
8096,5111
8097,3653
8098,3395
8099,7563
8100,103
8101,4026
8102,2324
8103,21
8104,872
8105,1403
8106,22
8107,6988
8108,1986
8109,1073
8110,8639
8111,4819
8112,2549
8113,9377
8114,9156
8115,3458
8116,6680
8117,3583
8118,5989
8119,5891
8120,246
8121,5478
8122,896
8123,7556
8124,8221
8125,631
8126,5246
8127,1554
8128,9357
8129,4837
8130,2477
8131,1748
8132,8362
8133,6965
8134,4998
8135,415
8136,9870
8137,5558
8138,1858
8139,9107
8140,4647
8141,5637
8142,86
8143,3608
8144,8312
8145,875
8146,56
8147,5965
8148,2999
8149,41
8150,3007
8151,7929
8152,4196
8153,5717
8154,6418
8155,5838
8156,9200
8157,456
8158,5325
8159,4143
8160,6706
8161,4004
8162,7928
8163,5146
8164,9366
8165,1708
8166,1166
8167,2685
8168,1350
8169,2103
8170,561
8171,6138
8172,2152
8173,4162
8174,7003
8175,384
8176,2767
8177,9190
8178,6420
8179,9420
8180,934
8181,1166
8182,7873
8183,3656
8184,2863
8185,1119
8186,6248
8187,1690
8188,6766
8189,9846
8190,8815
8191,6412
8192,2470
8193,3727
8194,5763
8195,3266
8196,6102
8197,6211
8198,505
8199,8224
8200,1907
8201,5046
8202,7070
8203,8462
8204,7458
8205,464
8206,4119
8207,5208
8208,1963
8209,9865
8210,8325
8211,7509
8212,5701
8213,522
8214,2839
8215,8225
8216,8512
8217,7020
8218,494
8219,4569
8220,4133
8221,3524
8222,2511
8223,9631
8224,8063
8225,3759
8226,5788
8227,4895
8228,6242
8229,8906
8230,2938
8231,2771
8232,8120
8233,7908
8234,7391
8235,5191
8236,9106
8237,9769
8238,3060
8239,5830
8240,8317
8241,5159
8242,1896
8243,2908
8244,9741
8245,4273
8246,1970
8247,2406
8248,3058
8249,4682
8250,233
8251,976
8252,6767
8253,7936
8254,4923
8255,2199
8256,3861
8257,1904
8258,9605
8259,847
8260,8233
8261,6170
8262,2628
8263,8316
8264,7722
8265,7695
8266,8442
8267,1366
8268,4614
8269,3362
8270,8252
8271,8309
8272,2379
8273,8011
8274,3229
8275,5057
8276,5319
8277,8706
8278,2074
8279,7351
8280,4206
8281,354
8282,4974
8283,8275
8284,9719
8285,9097
8286,9034
8287,6782
8288,2732
8289,6376
8290,9340
8291,2172
8292,94
8293,1392
8294,6723
8295,7975
8296,764
8297,3517
8298,1908
8299,2955
8300,382
8301,8576
8302,6875
8303,5600
8304,1188
8305,2418
8306,9625
8307,6662
8308,7320
8309,5061
8310,8883
8311,6790
8312,9649
8313,3496
8314,5015
8315,9768
8316,2273
8317,4496
8318,8764
8319,9885
8320,7275
8321,421
8322,6224
8323,5556
8324,9531
8325,13
8326,5876
8327,4036
8328,4783
8329,712
8330,8634
8331,6780
8332,7237
8333,200
8334,2669
8335,3066
8336,1361
8337,3663
8338,5715
8339,5836
8340,9656
8341,7078
8342,5370
8343,5507
8344,8530
8345,6236
8346,4412
8347,5038
8348,6837
8349,9162
8350,3722
8351,8500
8352,5549
8353,731
8354,5628
8355,6007
8356,6358
8357,8279
8358,2227
8359,893
8360,8823
8361,7164
8362,4217
8363,7071
8364,9743
8365,4298
8366,779
8367,4276
8368,486
8369,909
8370,3320
8371,441
8372,8188
8373,1354
8374,553
8375,9858
8376,1109
8377,9130
8378,2715
8379,7103
8380,6890
8381,1651
8382,1111
8383,1778
8384,3210
8385,9204
8386,4360
8387,5473
8388,6355
8389,5667
8390,1051
8391,6005
8392,771
8393,7858
8394,3827
8395,112
8396,6066
8397,812
8398,9816
8399,5535
8400,8330
8401,6359
8402,8354
8403,4764
8404,5740
8405,7099
8406,4190
8407,8964
8408,5872
8409,4259
8410,6666
8411,8296
8412,9457
8413,8207
8414,5672
8415,9290
8416,9502
8417,5091
8418,1694
8419,2620
8420,1893
8421,2199
8422,9159
8423,9580
8424,7330
8425,8256
8426,372
8427,7626
8428,3000
8429,990
8430,568
8431,4997
8432,953
8433,582
8434,8478
8435,4849
8436,1191
8437,3643
8438,6356
8439,931
8440,3411
8441,4226
8442,5070
8443,3149
8444,6689
8445,5563
8446,4745
8447,8735
8448,7838
8449,6726
8450,8367
8451,2979
8452,2634
8453,1080
8454,3442
8455,1146
8456,549
8457,8771
8458,1944
8459,6461
8460,3325
8461,5833
8462,9521
8463,8191
8464,9715
8465,108
8466,8560
8467,4531
8468,7346
8469,2688
8470,8044
8471,9941
8472,2208
8473,8070
8474,8823
8475,3505
8476,1374
8477,2103
8478,7886
8479,8722
8480,5997
8481,6483
8482,6586
8483,1242
8484,5290
8485,1419
8486,5895
8487,4565
8488,9269
8489,8625
8490,1521
8491,1504
8492,3263
8493,5107
8494,1834
8495,6619
8496,2351
8497,6114
8498,1410
8499,18
8500,3332
8501,5685
8502,764
8503,9680
8504,7132
8505,175
8506,3746
8507,2862
8508,1843
8509,5683
8510,3965
8511,7491
8512,3220
8513,4987
8514,773
8515,5582
8516,8454
8517,5188
8518,7769
8519,157
8520,4096
8521,5236
8522,7370
8523,8302
8524,3163
8525,2809
8526,1866
8527,9009
8528,6767
8529,4089
8530,9916
8531,7395
8532,6360
8533,9420
8534,4824
8535,2129
8536,5693
8537,276
8538,8378
8539,1402
8540,3074
8541,3202
8542,7453
8543,8290
8544,5094
8545,376
8546,6178
8547,8974
8548,4086
8549,8917
8550,5018
8551,6925
8552,1203
8553,4552
8554,7272
8555,431
8556,5007
8557,2636
8558,7805
8559,3653
8560,7018
8561,2827
8562,4740
8563,263
8564,9292
8565,5381
8566,7212
8567,7763
8568,827
8569,1800
8570,7954
8571,9607
8572,8430
8573,5895
8574,8574
8575,3998
8576,4838
8577,2394
8578,1243
8579,3038
8580,6806
8581,3871
8582,132
8583,6979
8584,4822
8585,8925
8586,3683
8587,1012
8588,1414
8589,6265
8590,8122
8591,5704
8592,560
8593,9512
8594,817
8595,1588
8596,6984
8597,5502
8598,5396
8599,581
8600,6476
8601,304
8602,9941
8603,4489
8604,7841
8605,9972
8606,4822
8607,9452
8608,213
8609,5986
8610,5471
8611,3270
8612,1993
8613,4406
8614,2463
8615,7131
8616,5822
8617,2195
8618,4207
8619,8085
8620,5540
8621,5585
8622,8365
8623,5047
8624,1370
8625,7991
8626,8464
8627,4395
8628,3763
8629,2684
8630,6662
8631,8977
8632,1436
8633,6769
8634,8821
8635,2591
8636,7074
8637,6851
8638,4129
8639,120
8640,8099
8641,8042
8642,964
8643,1479
8644,6128
8645,3546
8646,6297
8647,6261
8648,2017
8649,4203
8650,9993
8651,6507
8652,1225
8653,6104
8654,3103
8655,5542
8656,4839
8657,1267
8658,2361
8659,9105
8660,4397
8661,5857
8662,6848
8663,9355
8664,5361
8665,6929
8666,2642
8667,1405
8668,8502
8669,8543
8670,2344
8671,1042
8672,1730
8673,7078
8674,8555
8675,536
8676,2645
8677,4156
8678,6637
8679,8681
8680,4555
8681,2703
8682,3514
8683,2130
8684,1840
8685,9641
8686,2417
8687,2183
8688,4350
8689,716
8690,7444
8691,4895
8692,821
8693,4512
8694,5718
8695,8505
8696,601
8697,4310
8698,4454
8699,6169
8700,714
8701,4208
8702,4357
8703,4898
8704,6377
8705,6219
8706,2646
8707,2017
8708,2223
8709,9008
8710,7599
8711,435
8712,9674
8713,1559
8714,9954
8715,2032
8716,9347
8717,3448
8718,6335
8719,2693
8720,7587
8721,7481
8722,4701
8723,3936
8724,1525
8725,8818
8726,5955
8727,8424
8728,9152
8729,9340
8730,561
8731,2900
8732,7258
8733,6100
8734,9171
8735,3028
8736,3824
8737,3119
8738,1911
8739,7430
8740,4028
8741,1954
8742,6127
8743,1021
8744,1649
8745,2919
8746,1087
8747,9198
8748,9850
8749,6844
8750,6658
8751,4789
8752,4671
8753,4840
8754,6310
8755,4300
8756,3482
8757,8351
8758,4345
8759,3523
8760,1551
8761,5084
8762,5398
8763,2715
8764,2086
8765,5567
8766,1663
8767,7720
8768,2678
8769,2743
8770,7573
8771,4161
8772,4091
8773,5169
8774,2365
8775,3548
8776,58
8777,7449
8778,7955
8779,5551
8780,3480
8781,8849
8782,4173
8783,6685
8784,2904
8785,3502
8786,1633
8787,6219
8788,7289
8789,5732
8790,7781
8791,8983
8792,5712
8793,7383
8794,2030
8795,7871
8796,9881
8797,3735
8798,9286
8799,7164
8800,9205
8801,5324
8802,3791
8803,1765
8804,5677
8805,7428
8806,2614
8807,651
8808,7990
8809,3767
8810,7469
8811,5811
8812,8308
8813,5310
8814,9535
8815,5001
8816,2985
8817,8542
8818,2632
8819,579
8820,8627
8821,29
8822,9458
8823,7421
8824,1490
8825,135
8826,927
8827,3325
8828,2688
8829,1368
8830,5266
8831,9396
8832,1354
8833,9223
8834,9998
8835,7583
8836,1067
8837,7271
8838,595
8839,2095
8840,7911
8841,8207
8842,2745
8843,2999
8844,8638
8845,6382
8846,884
8847,6699
8848,5849
8849,5072
8850,9606
8851,9489
8852,3178
8853,7067
8854,6713
8855,7361
8856,606
8857,1969
8858,512
8859,8725
8860,5174
8861,6096
8862,4991
8863,2967
8864,6600
8865,4556
8866,973
8867,1970
8868,1314
8869,2807
8870,9195
8871,2481
8872,8848
8873,6480
8874,2028
8875,9025
8876,274
8877,6991
8878,1937
8879,9944
8880,1568
8881,7802
8882,5465
8883,2855
8884,1475
8885,1581
8886,3997
8887,3891
8888,4034
8889,5811
8890,377
8891,3442
8892,4772
8893,3221
8894,8967
8895,1171
8896,6447
8897,6023
8898,1977
8899,8089
8900,2771
8901,4613
8902,6776
8903,2499
8904,3893
8905,3518
8906,1865
8907,8649
8908,9124
8909,910
8910,5555
8911,3001
8912,9275
8913,3539
8914,2077
8915,193
8916,4791
8917,4692
8918,8054
8919,4841
8920,9626
8921,136
8922,1063
8923,8047
8924,7903
8925,1927
8926,5091
8927,3556
8928,7880
8929,3909
8930,4665
8931,3651
8932,3497
8933,5944
8934,7626
8935,2814
8936,4031
8937,8190
8938,8436
8939,2432
8940,2881
8941,8483
8942,371
8943,2871
8944,3316
8945,586
8946,3215
8947,3296
8948,1946
8949,3823
8950,1971
8951,1555
8952,6795
8953,9019
8954,4186
8955,7867
8956,8265
8957,4843
8958,7521
8959,8628
8960,5568
8961,5888
8962,3831
8963,4652
8964,5916
8965,6844
8966,9323
8967,803
8968,5582
8969,5468
8970,9697
8971,514
8972,2543
8973,2297
8974,9910
8975,9274
8976,2745
8977,6708
8978,7993
8979,4765
8980,1456
8981,9850
8982,1104
8983,3605
8984,2434
8985,8541
8986,603
8987,8255
8988,6493
8989,3140
8990,1406
8991,8100
8992,2420
8993,5615
8994,6717
8995,4104
8996,460
8997,7804
8998,5504
8999,9662
9000,9108
9001,3800
9002,348
9003,161
9004,5688
9005,9869
9006,9099
9007,7296
9008,5028
9009,7891
9010,8710
9011,8310
9012,281
9013,5971
9014,6667
9015,6467
9016,4558
9017,8218
9018,1745
9019,8270
9020,7029
9021,7991
9022,4803
9023,9092
9024,5455
9025,1412
9026,4831
9027,8229
9028,9049
9029,8981
9030,6595
9031,9912
9032,733
9033,4526
9034,357
9035,3271
9036,1728
9037,9255
9038,4252
9039,3551
9040,119
9041,8733
9042,724
9043,6252
9044,203
9045,4678
9046,6430
9047,4351
9048,9079
9049,1038
9050,4298
9051,4140
9052,1238
9053,4494
9054,9106
9055,4316
9056,5119
9057,3766
9058,4729
9059,6123
9060,6101
9061,4140
9062,3977
9063,7463
9064,5353
9065,4915
9066,8540
9067,6806
9068,3343
9069,7241
9070,4196
9071,6246
9072,8363
9073,6215
9074,1848
9075,184
9076,7602
9077,6193
9078,3309
9079,7088
9080,3005
9081,393
9082,9403
9083,7797
9084,6483
9085,6496
9086,137
9087,1528
9088,1817
9089,8083
9090,7103
9091,8874
9092,3711
9093,4118
9094,6526
9095,6626
9096,8682
9097,2135
9098,237
9099,3728
9100,8065
9101,1369
9102,7262
9103,6732
9104,7935
9105,5078
9106,2776
9107,2281
9108,2443
9109,1953
9110,9373
9111,4622
9112,2214
9113,3320
9114,8074
9115,3540
9116,457
9117,1134
9118,2838
9119,259
9120,9683
9121,9500
9122,3725
9123,3911
9124,7675
9125,7993
9126,1931
9127,6410
9128,3145
9129,994
9130,440
9131,452
9132,8186
9133,7597
9134,6664
9135,8520
9136,6990
9137,113
9138,7801
9139,5917
9140,5821
9141,6995
9142,2160
9143,2266
9144,3718
9145,5439
9146,5872
9147,3949
9148,2252
9149,3931
9150,2131
9151,4799
9152,3203
9153,733
9154,5582
9155,5767
9156,6385
9157,1351
9158,2082
9159,2444
9160,5638
9161,5103
9162,6702
9163,8883
9164,6388
9165,7359
9166,1391
9167,8702
9168,7652
9169,6150
9170,9383
9171,1353
9172,1428
9173,9398
9174,3039
9175,6811
9176,4207
9177,1304
9178,6463
9179,2408
9180,5925
9181,8026
9182,3241
9183,6084
9184,4078
9185,5670
9186,5648
9187,687
9188,2937
9189,3906
9190,591
9191,1056
9192,5176
9193,7378
9194,6553
9195,9320
9196,1062
9197,6728
9198,5212
9199,8022
9200,163
9201,7929
9202,9791
9203,413
9204,6008
9205,1724
9206,6726
9207,7743
9208,1002
9209,7122
9210,1827
9211,5779
9212,7501
9213,3189
9214,3627
9215,2504
9216,5205
9217,7873
9218,1099
9219,408
9220,1416
9221,4275
9222,7447
9223,8378
9224,9557
9225,8690
9226,3435
9227,3239
9228,5610
9229,5520
9230,7075
9231,5443
9232,5123
9233,6200
9234,2064
9235,391
9236,5264
9237,2867
9238,8938
9239,5202
9240,3537
9241,9933
9242,3333
9243,6182
9244,3626
9245,5760
9246,5161
9247,1379
9248,3245
9249,8396
9250,9618
9251,9717
9252,8271
9253,5339
9254,3903
9255,2735
9256,8689
9257,6314
9258,3416
9259,8391
9260,3295
9261,3556
9262,9723
9263,5797
9264,1821
9265,3326
9266,8833
9267,2177
9268,6384
9269,3604
9270,8477
9271,5720
9272,5807
9273,310
9274,2558
9275,3384
9276,130
9277,4649
9278,9745
9279,1378
9280,7570
9281,7360
9282,2286
9283,5385
9284,1477
9285,7401
9286,6607
9287,823
9288,124
9289,1166
9290,3204
9291,1755
9292,7105
9293,4441
9294,6365
9295,9579
9296,3354
9297,2492
9298,4355
9299,3137
9300,7335
9301,2393
9302,6695
9303,4314
9304,6112
9305,8605
9306,2245
9307,8914
9308,3240
9309,5844
9310,7644
9311,3696
9312,2054
9313,5901
9314,262
9315,3532
9316,8949
9317,7105
9318,9648
9319,3954
9320,2528
9321,7425
9322,3895
9323,4119
9324,9529
9325,1884
9326,4868
9327,9849
9328,1321
9329,531
9330,5256
9331,3294
9332,7249
9333,4003
9334,6744
9335,7894
9336,9182
9337,9069
9338,2521
9339,6548
9340,4124
9341,300
9342,4980
9343,5527
9344,6119
9345,2405
9346,5404
9347,1361
9348,6629
9349,2054
9350,9603
9351,9406
9352,48
9353,4394
9354,743
9355,2294
9356,3231
9357,305
9358,389
9359,2928
9360,6846
9361,6231
9362,2963
9363,6784
9364,8108
9365,9814
9366,4700
9367,1814
9368,5357
9369,9251
9370,940
9371,5032
9372,3149
9373,6784
9374,2918
9375,8711
9376,5761
9377,9741
9378,645
9379,5108
9380,3918
9381,7882
9382,509
9383,1964
9384,4627
9385,3415
9386,3736
9387,1888
9388,9743
9389,4324
9390,8395
9391,4392
9392,3755
9393,2828
9394,7602
9395,2743
9396,6552
9397,9757
9398,5040
9399,7480
9400,2770
9401,853
9402,7243
9403,8765
9404,1515
9405,4835
9406,3729
9407,7486
9408,8820
9409,683
9410,3560
9411,7737
9412,215
9413,1794
9414,9820
9415,3171
9416,6410
9417,4773
9418,4867
9419,4845
9420,2559
9421,3138
9422,2624
9423,2035
9424,7238
9425,352
9426,3965
9427,5289
9428,6819
9429,6554
9430,2248
9431,7598
9432,8025
9433,4858
9434,7365
9435,6208
9436,4292
9437,366
9438,4897
9439,2367
9440,4612
9441,959
9442,5250
9443,7692
9444,464
9445,7912
9446,3935
9447,1060
9448,6559
9449,5220
9450,1448
9451,7630
9452,4300
9453,924
9454,7474
9455,3420
9456,5110
9457,6090
9458,3383
9459,4590
9460,848
9461,8877
9462,6815
9463,256
9464,7798
9465,9101
9466,8038
9467,8964
9468,4665
9469,9977
9470,8737
9471,4565
9472,4434
9473,1047
9474,1080
9475,5162
9476,5984
9477,4437
9478,6912
9479,7406
9480,5326
9481,239
9482,756
9483,2797
9484,4307
9485,7132
9486,6513
9487,9211
9488,8967
9489,717
9490,5662
9491,6168
9492,685
9493,3447
9494,544
9495,6677
9496,731
9497,9283
9498,2810
9499,5413
9500,7161
9501,2647
9502,8491
9503,2307
9504,9634
9505,276
9506,82
9507,3163
9508,5583
9509,8153
9510,1871
9511,3572
9512,6688
9513,495
9514,9020
9515,1610
9516,6376
9517,6069
9518,4217
9519,3917
9520,618
9521,4064
9522,3233
9523,8590
9524,4065
9525,3724
9526,293
9527,3942
9528,9732
9529,4816
9530,2391
9531,8719
9532,8237
9533,9680
9534,7258
9535,5792
9536,7670
9537,8811
9538,7091
9539,4976
9540,7065
9541,1606
9542,3284
9543,3364
9544,290
9545,9171
9546,6862
9547,4803
9548,4440
9549,2474
9550,9753
9551,9676
9552,7907
9553,9375
9554,728
9555,9710
9556,896
9557,6698
9558,6314
9559,4109
9560,3035
9561,3856
9562,3045
9563,9427
9564,965
9565,2485
9566,3505
9567,8170
9568,3617
9569,252
9570,7551
9571,5326
9572,825
9573,6961
9574,2839
9575,3376
9576,2457
9577,7352
9578,5278
9579,3349
9580,9416
9581,7205
9582,4606
9583,1944
9584,4371
9585,7360
9586,4388
9587,9696
9588,7260
9589,8524
9590,1805
9591,1586
9592,5693
9593,705
9594,1871
9595,1732
9596,3135
9597,4537
9598,4660
9599,3393
9600,1710
9601,5478
9602,4784
9603,118
9604,1679
9605,231
9606,9440
9607,9257
9608,6292
9609,4986
9610,2908
9611,3260
9612,3867
9613,1314
9614,2285
9615,4969
9616,2841
9617,9242
9618,6979
9619,4927
9620,363
9621,3370
9622,3167
9623,2647
9624,7536
9625,9130
9626,4532
9627,2471
9628,3208
9629,398
9630,9172
9631,181
9632,1099
9633,9949
9634,3
9635,1236
9636,3603
9637,7923
9638,2289
9639,3434
9640,9614
9641,111
9642,1895
9643,6763
9644,5254
9645,6720
9646,2436
9647,8756
9648,1956
9649,1564
9650,1382
9651,8456
9652,4990
9653,5241
9654,3035
9655,8092
9656,5120
9657,627
9658,1479
9659,7976
9660,5836
9661,2951
9662,5941
9663,8135
9664,8626
9665,1947
9666,1791
9667,9063
9668,8753
9669,223
9670,5339
9671,852
9672,3557
9673,9399
9674,2911
9675,7379
9676,7201
9677,9232
9678,7767
9679,440
9680,8157
9681,4392
9682,4459
9683,2692
9684,2315
9685,216
9686,9813
9687,4124
9688,4498
9689,2689
9690,1286
9691,2890
9692,88
9693,2910
9694,6839
9695,102
9696,5376
9697,4187
9698,7166
9699,5110
9700,8888
9701,4860
9702,9544
9703,1917
9704,5963
9705,2107
9706,9859
9707,1783
9708,7997
9709,1958
9710,3224
9711,4271
9712,93
9713,5248
9714,138
9715,2515
9716,8621
9717,3132
9718,4992
9719,8347
9720,6444
9721,3540
9722,3467
9723,7059
9724,3415
9725,9096
9726,6110
9727,8214
9728,859
9729,8939
9730,2569
9731,5786
9732,5539
9733,2405
9734,542
9735,81
9736,898
9737,5026
9738,5875
9739,7302
9740,4479
9741,7236
9742,3945
9743,6607
9744,7757
9745,7748
9746,204
9747,410
9748,4287
9749,2802
9750,1083
9751,6079
9752,528
9753,6645
9754,6907
9755,8592
9756,6123
9757,2378
9758,6050
9759,2180
9760,4310
9761,2516
9762,9953
9763,6694
9764,3463
9765,8227
9766,363
9767,3454
9768,5032
9769,2177
9770,6947
9771,9611
9772,3411
9773,4828
9774,9781
9775,2091
9776,8858
9777,2559
9778,6215
9779,389
9780,9407
9781,7651
9782,6618
9783,3701
9784,6029
9785,6539
9786,9623
9787,1282
9788,7749
9789,3277
9790,4270
9791,9125
9792,8409
9793,3618
9794,1540
9795,9519
9796,1418
9797,1676
9798,3670
9799,7635
9800,4497
9801,2340
9802,5866
9803,7853
9804,4177
9805,2802
9806,5305
9807,9960
9808,8534
9809,6834
9810,960
9811,269
9812,4556
9813,1936
9814,1034
9815,4867
9816,6578
9817,2204
9818,2900
9819,9596
9820,2702
9821,8408
9822,1157
9823,4501
9824,8478
9825,7734
9826,4191
9827,2891
9828,3097
9829,6153
9830,5030
9831,1347
9832,5979
9833,1695
9834,2994
9835,5052
9836,6541
9837,3342
9838,8600
9839,5390
9840,3545
9841,4227
9842,6452
9843,750
9844,3593
9845,7002
9846,535
9847,2207
9848,7419
9849,5676
9850,8267
9851,3265
9852,4157
9853,7364
9854,2813
9855,1312
9856,4484
9857,3720
9858,920
9859,3652
9860,3312
9861,8809
9862,8912
9863,258
9864,6437
9865,5794
9866,6993
9867,5553
9868,7291
9869,6468
9870,7391
9871,5407
9872,4708
9873,7039
9874,2327
9875,3570
9876,6887
9877,6873
9878,4393
9879,6830
9880,28
9881,8175
9882,336
9883,7410
9884,1397
9885,2837
9886,5743
9887,2005
9888,7250
9889,7379
9890,837
9891,6918
9892,8320
9893,1173
9894,3026
9895,8898
9896,3480
9897,1590
9898,3177
9899,5167
9900,1797
9901,7778
9902,8500
9903,2079
9904,6485
9905,8118
9906,3665
9907,871
9908,4608
9909,1619
9910,2623
9911,9653
9912,3433
9913,174
9914,2647
9915,5824
9916,3202
9917,9138
9918,2920
9919,8707
9920,5502
9921,7321
9922,5296
9923,4785
9924,344
9925,6475
9926,126
9927,3421
9928,2155
9929,3872
9930,6272
9931,5956
9932,3653
9933,2118
9934,2259
9935,5932
9936,2728
9937,8144
9938,8935
9939,3489
9940,1264
9941,9568
9942,5293
9943,7213
9944,9800
9945,8678
9946,7221
9947,8333
9948,5596
9949,4032
9950,1803
9951,4406
9952,6116
9953,9127
9954,1503
9955,4437
9956,3717
9957,7412
9958,657
9959,6603
9960,8813
9961,3923
9962,4179
9963,797
9964,4370
9965,9757
9966,488
9967,3530
9968,3340
9969,3483
9970,7076
9971,7121
9972,126
9973,7818
9974,6114
9975,8824
9976,4658
9977,7392
9978,126
9979,2959
9980,3712
9981,265
9982,3528
9983,2597
9984,1314
9985,9311
9986,5357
9987,9801
9988,629
9989,8731
9990,9762
9991,9668
9992,7317
9993,6570
9994,4678
9995,6508
9996,4872
9997,2892
9998,1099
9999,4256
